team,player,nname,games,fc_pg,fa_pg,shots_pg,sot_pg,yc_pg
Algeria,Luca Zidane,luca zidane,31,0.0,0.0323,1.0645,0.0,0.0
Algeria,Oussama Benbot,oussama benbot,11,0.0,0.0,0.5455,0.0,0.0909
Algeria,Melvin Mastil,melvin mastil,11,0.0,0.0,0.0,0.0,0.0
Algeria,Aïssa Mandi,aissa mandi,31,0.5484,0.5484,0.4516,0.129,0.2581
Algeria,Ramy Bensebaini,ramy bensebaini,25,1.24,0.64,0.68,0.28,0.24
Algeria,Rayan Aït-Nouri,rayan ait nouri,26,0.6538,0.3846,0.3846,0.0769,0.0769
Algeria,Mohamed Amine Tougai,mohamed amine tougai,5,1.0,1.0,0.6,0.6,0.2
Algeria,Zineddine Belaïd,zineddine belaid,6,0.0,0.1667,1.0,0.1667,0.0
Algeria,Samir Chergui,samir chergui,18,0.7778,0.2222,0.7222,0.2222,0.0556
Algeria,Jaouen Hadjam,jaouen hadjam,7,1.1429,1.0,0.2857,0.0,0.1429
Algeria,Rafik Belghali,rafik belghali,27,0.7407,0.3704,0.7778,0.2222,0.2222
Algeria,Nabil Bentaleb,nabil bentaleb,27,0.5185,0.6667,0.6667,0.2222,0.1111
Algeria,Houssem Aouar,houssem aouar,23,1.0,1.4348,2.087,0.7826,0.1304
Algeria,Hicham Boudaoui,hicham boudaoui,26,0.7308,1.5385,0.8077,0.3462,0.2308
Algeria,Ramiz Zerrouki,ramiz zerrouki,32,1.2812,0.6562,1.0312,0.25,0.0625
Algeria,Farès Chaïbi,fares chaibi,30,0.4667,0.7,1.1667,0.3,0.0667
Algeria,Yassine Titraoui,yassine titraoui,35,0.6286,1.1143,1.5143,0.5714,0.2
Algeria,Ibrahim Maza,ibrahim maza,30,0.6333,1.2,1.8,0.5667,0.0667
Algeria,Riyad Mahrez,riyad mahrez,27,0.4074,0.8519,1.4074,0.3704,0.037
Algeria,Amine Gouiri,amine gouiri,23,0.7391,0.6957,1.6522,0.7391,0.0435
Algeria,Mohamed Amoura,mohamed amoura,30,0.7,0.3667,2.0,0.6333,0.0667
Algeria,Anis Hadj Moussa,anis hadj moussa,30,0.5,1.1667,2.5667,1.0667,0.1333
Algeria,Nadhir Benbouali,nadhir benbouali,6,1.5,0.8333,2.0,0.8333,0.1667
Argentina,Emiliano Martínez,emiliano martinez,34,0.0294,0.0,1.1471,0.0,0.0588
Argentina,Gerónimo Rulli,geronimo rulli,33,0.0,0.0303,1.0303,0.0,0.0909
Argentina,Juan Musso,juan musso,36,0.0,0.0278,0.3611,0.0,0.0556
Argentina,Cristian Romero,cristian romero,24,1.3333,0.6667,0.7083,0.25,0.375
Argentina,Nicolás Otamendi,nicolas otamendi,31,0.7419,1.3226,0.7742,0.1935,0.2258
Argentina,Nicolás Tagliafico,nicolas tagliafico,26,1.3846,1.2692,0.5769,0.0385,0.1538
Argentina,Nahuel Molina,nahuel molina,35,0.4,0.1429,0.4,0.1143,0.1143
Argentina,Gonzalo Montiel,gonzalo montiel,19,0.4211,0.6316,0.8947,0.3684,0.2105
Argentina,Lisandro Martínez,lisandro martinez,19,0.4737,0.1053,0.2632,0.0,0.0
Argentina,Facundo Medina,facundo medina,20,1.2,0.5,0.2,0.05,0.35
Argentina,Leandro Paredes,leandro paredes,15,0.8,1.6667,1.4,0.4667,0.4667
Argentina,Rodrigo De Paul,rodrigo de paul,13,0.6923,2.2308,1.8462,0.7692,0.3077
Argentina,Giovani Lo Celso,giovani lo celso,27,0.3333,1.5556,1.1111,0.4074,0.1481
Argentina,Exequiel Palacios,exequiel palacios,19,0.3158,0.9474,0.5263,0.1053,0.1579
Argentina,Alexis Mac Allister,alexis mac allister,37,0.9459,0.8649,1.4054,0.3243,0.1892
Argentina,Thiago Almada,thiago almada,31,0.4194,0.5161,0.6774,0.3226,0.0645
Argentina,Enzo Fernández,enzo fernandez,36,1.0,1.25,2.0,0.8611,0.2778
Argentina,Valentín Barco,valentin barco,27,0.8889,2.2593,1.0,0.3704,0.1852
Argentina,Lionel Messi,lionel messi,14,0.8571,1.7143,6.0,2.4286,0.1429
Argentina,Nico González,nico gonzalez,24,1.1667,1.0417,1.7917,0.8333,0.1667
Argentina,Lautaro Martínez,lautaro martinez,33,1.4242,1.4242,2.7879,1.1818,0.1212
Argentina,Julián Álvarez,julian alvarez,32,0.4375,0.5625,1.6875,0.8125,0.0625
Argentina,José Manuel López,jose manuel lopez,17,1.6471,2.2353,2.0588,0.8235,0.1176
Argentina,Giuliano Simeone,giuliano simeone,33,0.6364,1.2121,1.0909,0.4242,0.0909
Argentina,Nico Paz,nico paz,36,1.4722,1.1389,3.3611,1.3333,0.1389
Australia,Mathew Ryan,mathew ryan,36,0.0,0.0,1.5556,0.0,0.1111
Australia,Paul Izzo,paul izzo,26,0.0,0.0,1.4231,0.0,0.0385
Australia,Patrick Beach,patrick beach,25,0.0,0.0,1.32,0.0,0.0
Australia,Milos Degenek,milos degenek,1,0.0,0.0,1.0,1.0,0.0
Australia,Jason Geria,jason geria,28,0.1429,0.4286,0.1071,0.0357,0.0
Australia,Aziz Behich,aziz behich,25,0.44,1.0,1.24,0.48,0.2
Australia,Cameron Burgess,cameron burgess,46,0.3043,0.5652,0.5217,0.087,0.1522
Australia,Harry Souttar,harry souttar,5,0.2,0.0,0.4,0.4,0.0
Australia,Jacob Italiano,jacob italiano,25,0.56,1.04,0.8,0.24,0.04
Australia,Kai Trewin,kai trewin,15,1.0,0.5333,0.5333,0.2,0.2
Australia,Jordan Bos,jordan bos,29,0.7241,0.5517,1.3103,0.4828,0.0
Australia,Alessandro Circati,alessandro circati,32,0.9375,0.5625,0.25,0.0312,0.1875
Australia,Lucas Herrington,lucas herrington,15,1.0,0.4667,0.2,0.0667,0.2667
Australia,Jackson Irvine,jackson irvine,26,0.7692,0.4615,0.7308,0.1538,0.0
Australia,Awer Mabil,awer mabil,38,0.7105,0.5526,1.0526,0.3684,0.0789
Australia,Aiden O'Neill,aiden o'neill,11,1.6364,1.0,0.4545,0.0909,0.1818
Australia,Connor Metcalfe,connor metcalfe,26,0.3462,0.0769,0.6154,0.1538,0.0769
Australia,Cameron Devlin,cameron devlin,28,1.5714,2.7143,0.7143,0.1429,0.2143
Australia,Cristian Volpato,cristian volpato,32,0.5938,0.3438,0.6562,0.2188,0.125
Australia,Paul Okon-Engstler,paul okon engstler,27,1.5185,1.5556,0.5556,0.1481,0.3333
Australia,Mathew Leckie,mathew leckie,7,0.7143,1.0,1.4286,0.2857,0.0
Australia,Mohamed Toure,mohamed toure,11,0.4545,0.4545,1.9091,1.2727,0.1818
Australia,Tete Yengi,tete yengi,17,1.1765,0.7647,1.5882,0.5294,0.0588
Australia,Nishan Velupillay,nishan velupillay,22,0.8636,1.1818,2.3636,0.9091,0.0455
Australia,Nestory Irankunda,nestory irankunda,42,0.9524,1.1429,1.5952,0.5714,0.2857
Austria,Alexander Schlager,alexander schlager,31,0.0,0.0,1.2903,0.0,0.129
Austria,Patrick Pentz,patrick pentz,31,0.0,0.0323,1.1613,0.0,0.0
Austria,David Alaba,david alaba,29,0.0345,0.0,0.1379,0.0345,0.0345
Austria,Philipp Lienhart,philipp lienhart,22,0.3182,0.3636,0.3636,0.0909,0.0909
Austria,Marco Friedl,marco friedl,30,0.5667,0.5333,0.2667,0.0667,0.3
Austria,Stefan Posch,stefan posch,16,0.5,0.75,0.6875,0.1875,0.25
Austria,Phillipp Mwene,phillipp mwene,29,0.7931,1.1034,0.3448,0.069,0.1379
Austria,Kevin Danso,kevin danso,34,0.6176,0.3824,0.3235,0.0588,0.2353
Austria,David Affengruber,david affengruber,36,0.9444,0.9722,0.3889,0.1111,0.1944
Austria,Alexander Prass,alexander prass,34,0.7647,0.6176,0.5294,0.3235,0.1176
Austria,Konrad Laimer,konrad laimer,29,1.0,0.3103,0.5862,0.2759,0.3103
Austria,Marcel Sabitzer,marcel sabitzer,29,0.6897,0.5862,0.6897,0.1379,0.1034
Austria,Alessandro Schöpf,alessandro schopf,25,0.8,1.32,1.08,0.36,0.08
Austria,Florian Grillitsch,florian grillitsch,24,0.5833,1.125,0.3333,0.0833,0.125
Austria,Romano Schmid,romano schmid,34,0.5588,0.9118,1.6765,0.6176,0.1176
Austria,Xaver Schlager,xaver schlager,27,0.9259,0.5926,0.7778,0.2593,0.2222
Austria,Carney Chukwuemeka,carney chukwuemeka,31,0.3548,0.4839,0.5806,0.0645,0.0645
Austria,Patrick Wimmer,patrick wimmer,25,1.12,1.32,0.96,0.32,0.16
Austria,Nicolas Seiwald,nicolas seiwald,33,0.5455,0.1818,0.5758,0.2121,0.0606
Austria,Paul Wanner,paul wanner,31,0.7419,0.6774,1.0645,0.4516,0.1613
Austria,Michael Gregoritsch,michael gregoritsch,18,0.2778,0.9444,1.6111,0.5556,0.1111
Austria,Sasa Kalajdzic,sasa kalajdzic,26,0.8846,1.1538,1.8462,0.6538,0.0769
Belgium,Thibaut Courtois,thibaut courtois,32,0.0,0.0312,0.875,0.0,0.0312
Belgium,Senne Lammens,senne lammens,35,0.0,0.0,1.1143,0.0,0.0
Belgium,Mike Penders,mike penders,33,0.0,0.0303,1.4242,0.0,0.0909
Belgium,Thomas Meunier,thomas meunier,25,1.16,0.12,0.72,0.16,0.12
Belgium,Timothy Castagne,timothy castagne,38,0.4737,0.2895,0.3684,0.1579,0.1053
Belgium,Maxim De Cuyper,maxim de cuyper,36,0.5,0.5833,0.3611,0.1667,0.0556
Belgium,Arthur Theate,arthur theate,28,0.5357,0.4643,0.5357,0.25,0.2857
Belgium,Koni De Winter,koni de winter,38,0.7105,0.2105,0.1842,0.0263,0.0263
Belgium,Zeno Debast,zeno debast,18,0.7778,0.2778,0.4444,0.1111,0.1111
Belgium,Nathan Ngoy,nathan ngoy,31,0.6452,0.3548,0.7097,0.1935,0.3226
Belgium,Joaquin Seys,joaquin seys,39,0.5641,0.5641,0.4103,0.1026,0.0769
Belgium,Kevin De Bruyne,kevin de bruyne,18,0.4444,0.3333,1.5,0.6111,0.0556
Belgium,Axel Witsel,axel witsel,33,1.0303,1.1212,0.6061,0.1515,0.0303
Belgium,Youri Tielemans,youri tielemans,25,1.0,1.64,0.96,0.28,0.0
Belgium,Hans Vanaken,hans vanaken,39,0.4615,0.7436,1.4872,0.5385,0.0513
Belgium,Nicolas Raskin,nicolas raskin,33,1.9394,1.5758,1.5152,0.4242,0.2121
Belgium,Amadou Onana,amadou onana,27,0.7407,0.9259,0.7037,0.2593,0.1111
Belgium,Romelu Lukaku,romelu lukaku,9,0.2222,0.0,0.2222,0.1111,0.1111
Belgium,Leandro Trossard,leandro trossard,34,0.3824,1.1471,1.5588,0.4412,0.0588
Belgium,Dodi Lukébakio,dodi lukebakio,19,0.4737,0.5789,1.7895,0.4737,0.0526
Belgium,Alexis Saelemaekers,alexis saelemaekers,35,0.7429,1.8286,1.2286,0.3143,0.1429
Belgium,Jérémy Doku,jeremy doku,31,0.7419,1.9677,1.2581,0.4839,0.0
Belgium,Charles De Ketelaere,charles de ketelaere,33,0.697,1.0909,1.3939,0.4848,0.1212
Belgium,Diego Moreira,diego moreira,27,0.6667,1.0,1.0741,0.4074,0.1481
Belgium,Matias Fernandez-Pardo,matias fernandez pardo,31,0.4839,1.2903,2.1935,0.9677,0.1613
Bosnia-Herzegovina,Nikola Vasilj,nikola vasilj,34,0.0,0.0,1.7647,0.0,0.0
Bosnia-Herzegovina,Mladen Jurkas,mladen jurkas,2,0.0,0.0,2.0,0.0,0.0
Bosnia-Herzegovina,Sead Kolasinac,sead kolasinac,27,0.8148,0.3704,0.1111,0.0,0.1111
Bosnia-Herzegovina,Nikola Katic,nikola katic,26,1.0769,1.1538,1.0769,0.1538,0.1923
Bosnia-Herzegovina,Dennis Hadzikadunic,dennis hadzikadunic,31,1.3226,0.2581,0.4194,0.129,0.129
Bosnia-Herzegovina,Nihad Mujakic,nihad mujakic,15,0.3333,0.6667,0.0667,0.0667,0.0
Bosnia-Herzegovina,Amar Dedic,amar dedic,26,0.6538,0.8077,0.5769,0.0769,0.1154
Bosnia-Herzegovina,Tarik Muharemovic,tarik muharemovic,35,0.6857,0.5714,0.5714,0.1714,0.2
Bosnia-Herzegovina,Nidal Celik,nidal celik,12,1.0833,0.0833,0.0833,0.0833,0.1667
Bosnia-Herzegovina,Ivan Sunjic,ivan sunjic,4,0.0,0.0,0.75,0.75,0.0
Bosnia-Herzegovina,Amir Hadziahmetovic,amir hadziahmetovic,40,0.5,0.675,0.3,0.0,0.025
Bosnia-Herzegovina,Dzenis Burnic,dzenis burnic,32,1.4688,0.625,0.5625,0.0938,0.2812
Bosnia-Herzegovina,Armin Gigovic,armin gigovic,3,1.6667,2.3333,1.3333,0.0,0.0
Bosnia-Herzegovina,Ivan Basic,ivan basic,4,1.25,1.0,1.25,0.5,0.5
Bosnia-Herzegovina,Benjamin Tahirovic,benjamin tahirovic,27,0.7407,0.6296,0.7407,0.1481,0.1852
Bosnia-Herzegovina,Ermin Mahmic,ermin mahmic,1,0.0,0.0,0.0,0.0,0.0
Bosnia-Herzegovina,Edin Dzeko,edin dzeko,11,0.7273,0.7273,3.1818,1.4545,0.0
Bosnia-Herzegovina,Haris Tabakovic,haris tabakovic,32,1.5,0.625,2.0938,0.8438,0.1562
Bosnia-Herzegovina,Ermedin Demirovic,ermedin demirovic,25,1.48,1.04,1.64,0.88,0.2
Bosnia-Herzegovina,Jovo Lukic,jovo lukic,11,1.0,1.5455,1.5455,0.8182,0.3636
Bosnia-Herzegovina,Samed Bazdar,samed bazdar,2,3.0,1.5,2.5,0.0,0.5
Bosnia-Herzegovina,Esmir Bajraktarevic,esmir bajraktarevic,1,0.0,1.0,1.0,1.0,0.0
Bosnia-Herzegovina,Kerim Alajbegovic,kerim alajbegovic,31,0.9355,1.8065,2.8387,1.0968,0.129
Brazil,Ederson,ederson,24,0.0,0.0,1.0,0.0,0.25
Brazil,Alisson Becker,alisson becker,26,0.0,0.0385,1.1923,0.0,0.0385
Brazil,Weverton,weverton,17,0.0588,0.0588,1.1765,0.0,0.0588
Brazil,Alex Sandro,alex sandro,13,1.4615,1.0,0.1538,0.0,0.2308
Brazil,Léo Pereira,leo pereira,14,1.0,0.5714,1.1429,0.2143,0.4286
Brazil,Marquinhos,marquinhos,29,0.2759,0.069,0.1034,0.0,0.0
Brazil,Danilo,danilo,13,0.2308,0.0769,0.0769,0.0,0.0
Brazil,Douglas Santos,douglas santos,23,0.5652,0.6522,1.1304,0.3043,0.0435
Brazil,Gabriel Magalhães,gabriel magalhaes,32,0.6562,1.0625,0.8438,0.2188,0.125
Brazil,Bremer,bremer,27,0.7778,0.3704,0.8519,0.3333,0.1852
Brazil,Roger Ibañez,roger ibanez,28,0.9643,0.75,1.1071,0.3929,0.1071
Brazil,Casemiro,casemiro,34,1.3529,1.0588,1.5294,0.5294,0.2647
Brazil,Fabinho,fabinho,30,1.5333,1.0,0.5,0.2,0.1667
Brazil,Bruno Guimarães,bruno guimaraes,30,1.5,2.5,1.4,0.7667,0.2
Brazil,Lucas Paquetá,lucas paqueta,12,1.5,2.1667,2.1667,0.6667,0.1667
Brazil,Éderson,ederson,33,1.0303,1.2121,1.0606,0.3333,0.0909
Brazil,Danilo Santos,danilo santos,12,0.6667,0.4167,2.3333,1.0,0.0833
Brazil,Neymar,neymar,8,1.5,4.5,2.625,0.875,0.625
Brazil,Raphinha,raphinha,24,0.4167,0.4167,2.7083,1.0,0.2083
Brazil,Vinícius Júnior,vinicius junior,36,1.0556,2.25,2.8056,1.2778,0.2222
Brazil,Matheus Cunha,matheus cunha,34,0.7941,1.5882,2.6471,1.0294,0.1176
Brazil,Gabriel Martinelli,gabriel martinelli,36,0.2778,0.3889,0.8056,0.3611,0.0833
Brazil,Igor Thiago,igor thiago,38,1.9211,0.6842,2.2105,1.1316,0.1842
Brazil,Luiz Henrique,luiz henrique,28,1.25,2.0357,1.8214,0.5,0.0714
Brazil,Endrick,endrick,16,1.3125,1.3125,3.125,1.625,0.1875
Brazil,Rayan,rayan,15,0.6,0.4,1.8667,0.5333,0.0667
Canada,Maxime Crépeau,maxime crepeau,14,0.0,0.0714,2.7143,0.0,0.1429
Canada,Dayne St. Clair,dayne st. clair,15,0.0,0.0667,1.8667,0.0,0.2
Canada,Owen Goodman,owen goodman,25,0.0,0.04,1.48,0.0,0.04
Canada,Richie Laryea,richie laryea,9,1.8889,4.6667,0.3333,0.3333,0.2222
Canada,Alphonso Davies,alphonso davies,13,0.1538,0.3846,0.3077,0.0769,0.0769
Canada,Joel Waterman,joel waterman,14,0.5,0.4286,0.0714,0.0,0.1429
Canada,Derek Cornelius,derek cornelius,7,0.8571,2.1429,0.7143,0.2857,0.2857
Canada,Alfie Jones,alfie jones,22,0.7727,0.2727,0.3182,0.0909,0.1364
Canada,Alistair Johnston,alistair johnston,7,0.8571,0.5714,0.5714,0.0,0.2857
Canada,Moïse Bombito,moise bombito,3,1.0,0.3333,0.0,0.0,0.3333
Canada,Luc de Fougerolles,luc de fougerolles,1,3.0,1.0,0.0,0.0,1.0
Canada,Jonathan Osorio,jonathan osorio,14,1.1429,1.4286,0.4286,0.0,0.3571
Canada,Stephen Eustáquio,stephen eustaquio,10,0.8,0.6,0.6,0.2,0.0
Canada,Mathieu Choinière,mathieu choiniere,15,0.6,0.4,0.6667,0.2,0.0
Canada,Nathan Saliba,nathan saliba,34,1.4412,0.5294,1.7353,0.4412,0.3529
Canada,Ismaël Koné,ismael kone,36,0.6944,1.5,0.6389,0.2778,0.0833
Canada,Ali Ahmed,ali ahmed,19,0.5789,1.5263,1.2105,0.4211,0.0526
Canada,Cyle Larin,cyle larin,18,1.1111,0.6111,1.5,0.8333,0.2222
Canada,Liam Millar,liam millar,37,0.2703,0.7838,1.3784,0.2973,0.0811
Canada,Jonathan David,jonathan david,38,0.7895,0.6842,1.0789,0.4211,0.0
Canada,Jayden Nelson,jayden nelson,11,1.0,1.0909,0.6364,0.1818,0.1818
Canada,Tajon Buchanan,tajon buchanan,36,0.5,1.0,0.75,0.3056,0.2222
Canada,Jacob Shaffelburg,jacob shaffelburg,7,0.2857,0.5714,0.7143,0.1429,0.0
Canada,Tani Oluwaseyi,tani oluwaseyi,36,0.3056,0.2222,0.4444,0.1944,0.0278
Canada,Promise David,promise david,24,1.2083,0.75,2.9167,1.0833,0.0417
Cape Verde,CJ dos Santos,cj dos santos,10,0.0,0.0,0.5,0.0,0.0
Cape Verde,Stopira,stopira,2,1.5,1.0,1.5,0.0,0.0
Cape Verde,Steven Moreira,steven moreira,14,0.6429,0.2857,0.6429,0.1429,0.0714
Cape Verde,Logan Costa,logan costa,6,0.1667,0.0,0.0,0.0,0.0
Cape Verde,Sidny Lopes Cabral,sidny lopes cabral,12,0.6667,0.6667,1.4167,0.3333,0.0833
Cape Verde,Wagner Pina,wagner pina,31,0.9032,1.0323,0.3548,0.129,0.129
Cape Verde,Laros Duarte,laros duarte,2,0.0,1.5,0.0,0.0,0.5
Cape Verde,Jamiro Monteiro,jamiro monteiro,21,0.7619,1.9048,0.9524,0.1429,0.0
Cape Verde,Deroy Duarte,deroy duarte,9,1.5556,0.4444,0.6667,0.0,0.0
Cape Verde,Telmo Arcanjo,telmo arcanjo,32,0.5,1.0938,0.8438,0.2812,0.0
Cape Verde,Kevin Pina,kevin pina,29,0.8276,0.3448,1.0345,0.2414,0.1724
Cape Verde,Ryan Mendes,ryan mendes,23,0.0,0.0,0.1739,0.1739,0.2174
Cape Verde,Garry Rodrigues,garry rodrigues,6,0.0,0.0,0.6667,0.6667,0.0
Cape Verde,Nuno da Costa,nuno da costa,33,0.6061,0.6364,0.8485,0.1818,0.0909
Cape Verde,Jovane Cabral,jovane cabral,27,1.5926,2.1111,2.037,0.8519,0.1852
Cape Verde,Willy Semedo,willy semedo,10,0.0,0.0,1.1,1.1,0.0
Cape Verde,Dailon Livramento,dailon livramento,28,0.6071,0.2857,0.7857,0.25,0.0714
Colombia,David Ospina,david ospina,15,0.0,0.0,0.4,0.0,0.0
Colombia,Álvaro Montero,alvaro montero,17,0.0,0.0,0.7647,0.0,0.0
Colombia,Camilo Vargas,camilo vargas,33,0.0303,0.0,1.5758,0.0,0.0606
Colombia,Daniel Muñoz,daniel munoz,29,1.2069,0.6207,0.931,0.4483,0.2414
Colombia,Santiago Arias,santiago arias,8,0.75,0.125,0.625,0.375,0.375
Colombia,Johan Mojica,johan mojica,36,0.8056,0.8333,0.4722,0.0556,0.1667
Colombia,Yerry Mina,yerry mina,29,0.8966,1.2759,0.3793,0.1034,0.1034
Colombia,Davinson Sánchez,davinson sanchez,32,1.1875,0.9062,0.4688,0.0938,0.1875
Colombia,Jhon Lucumí,jhon lucumi,33,0.697,0.5758,0.2424,0.0606,0.1515
Colombia,James Rodríguez,james rodriguez,8,0.25,0.375,1.125,0.375,0.0
Colombia,Juan Fernando Quintero,juan fernando quintero,16,0.0,0.4375,1.875,0.875,0.0
Colombia,Jefferson Lerma,jefferson lerma,35,0.7143,0.7143,0.5429,0.2,0.2
Colombia,Jorge Carrascal,jorge carrascal,13,0.6154,0.9231,1.4615,0.4615,0.0769
Colombia,Jhon Arias,jhon arias,13,1.1538,1.1538,1.6923,0.6923,0.3077
Colombia,Jáminton Campaz,jaminton campaz,12,0.8333,1.1667,2.5833,1.1667,0.0
Colombia,Richard Ríos,richard rios,27,1.8519,2.4074,2.2222,0.5926,0.3333
Colombia,Kevin Castaño,kevin castano,13,0.3077,0.1538,0.0769,0.0,0.0
Colombia,Gustavo Puerta,gustavo puerta,32,2.2188,1.9688,1.0312,0.3125,0.4062
Colombia,Jhon Córdoba,jhon cordoba,12,1.5833,1.1667,1.3333,0.6667,0.1667
Colombia,Luis Díaz,luis diaz,32,1.0938,1.1875,2.75,1.1562,0.1562
Colombia,Andrés Gómez,andres gomez,16,1.375,1.75,3.625,1.0625,0.375
Colombia,Cucho Hernández,cucho hernandez,32,0.6875,1.1875,2.7812,0.8438,0.1562
Congo DR,Lionel Mpasi,lionel mpasi,32,0.0,0.0,0.0625,0.0,0.0625
Congo DR,Timothy Fayulu,timothy fayulu,7,0.0,0.0,0.7143,0.0,0.0
Congo DR,Matthieu Epolo,matthieu epolo,30,0.0,0.0,1.1667,0.0,0.0333
Congo DR,Arthur Masuaku,arthur masuaku,9,0.2222,0.1111,0.1111,0.1111,0.1111
Congo DR,Chancel Mbemba,chancel mbemba,29,0.3448,0.2069,0.2414,0.1034,0.1034
Congo DR,Joris Kayembe,joris kayembe,30,0.7333,0.6333,0.4333,0.0667,0.1667
Congo DR,Aaron Wan-Bissaka,aaron wan bissaka,31,0.7419,0.3871,0.0,0.0,0.129
Congo DR,Dylan Batubinsika,dylan batubinsika,16,0.875,0.875,0.25,0.0625,0.125
Congo DR,Gaël Kakuta,gael kakuta,14,0.2143,0.4286,0.7143,0.1429,0.0
Congo DR,Aaron Tshibola,aaron tshibola,14,1.5714,1.2143,1.0,0.2857,0.2143
Congo DR,Théo Bongonda,theo bongonda,11,0.0,0.0,0.0909,0.0,0.0
Congo DR,Charles Pickel,charles pickel,31,0.4839,0.0645,0.3226,0.129,0.0645
Congo DR,Samuel Moutoussamy,samuel moutoussamy,29,0.8621,0.4828,0.6897,0.2414,0.1379
Congo DR,Edo Kayembe,edo kayembe,39,0.6154,0.3333,1.4359,0.3077,0.1026
Congo DR,Noah Sadiki,noah sadiki,33,0.9697,1.2121,0.5455,0.1515,0.2727
Congo DR,Ngal'ayel Mukau,ngal'ayel mukau,31,0.871,0.7419,0.6452,0.1613,0.0968
Congo DR,Cédric Bakambu,cedric bakambu,31,0.3548,0.2903,0.6774,0.2903,0.0323
Congo DR,Yoane Wissa,yoane wissa,23,0.2609,0.087,0.5652,0.2174,0.1304
Congo DR,Simon Banza,simon banza,1,2.0,1.0,0.0,0.0,0.0
Congo DR,Meschack Elia,meschack elia,25,0.52,0.36,0.56,0.36,0.04
Congo DR,Nathanaël Mbuku,nathanael mbuku,30,1.3333,2.0333,1.3667,0.4667,0.1667
Congo DR,Fiston Mayele,fiston mayele,7,0.7143,0.2857,2.4286,0.8571,0.1429
Congo DR,Brian Cipenga,brian cipenga,32,0.75,0.875,1.5938,0.6875,0.0312
Croatia,Dominik Kotarski,dominik kotarski,33,0.0303,0.0,1.2424,0.0,0.0606
Croatia,Ivor Pandur,ivor pandur,49,0.0,0.0204,1.3265,0.0,0.1633
Croatia,Duje Caleta-Car,duje caleta car,36,0.8333,0.2222,0.3611,0.0833,0.1667
Croatia,Martin Erlic,martin erlic,27,0.8519,0.5185,0.4074,0.1481,0.1481
Croatia,Marin Pongracic,marin pongracic,36,1.9167,0.5833,0.2222,0.0278,0.3333
Croatia,Josip Stanisic,josip stanisic,27,0.2963,0.4074,0.2593,0.1481,0.037
Croatia,Josko Gvardiol,josko gvardiol,20,0.8,0.35,0.85,0.3,0.1
Croatia,Josip Sutalo,josip sutalo,27,0.2963,0.2963,0.1111,0.0,0.037
Croatia,Luka Vuskovic,luka vuskovic,29,1.0,1.1034,1.1034,0.3448,0.2069
Croatia,Luka Modric,luka modric,36,0.6389,0.9167,0.5556,0.2222,0.1111
Croatia,Mateo Kovacic,mateo kovacic,12,0.0,0.1667,0.1667,0.0,0.0
Croatia,Mario Pasalic,mario pasalic,37,0.5946,0.1622,0.6486,0.1622,0.0811
Croatia,Nikola Vlasic,nikola vlasic,37,1.1892,1.2162,1.3243,0.4595,0.1892
Croatia,Nikola Moro,nikola moro,38,0.4737,0.4474,0.5789,0.0789,0.0263
Croatia,Kristijan Jakic,kristijan jakic,28,0.6071,0.6071,0.6429,0.2143,0.1786
Croatia,Luka Sucic,luka sucic,35,0.3143,0.1714,0.6571,0.2,0.0286
Croatia,Martin Baturina,martin baturina,37,0.4054,1.1892,0.7568,0.2432,0.0
Croatia,Petar Sucic,petar sucic,37,0.8108,0.6757,0.5946,0.1622,0.1351
Croatia,Ivan Perisic,ivan perisic,31,0.871,0.2258,1.7419,0.6129,0.1613
Croatia,Andrej Kramaric,andrej kramaric,34,0.1471,0.4118,1.8824,0.9706,0.0588
Croatia,Ante Budimir,ante budimir,37,1.4054,1.0,2.7838,1.1081,0.1081
Croatia,Petar Musa,petar musa,13,1.6154,0.3846,3.8462,1.6923,0.0769
Croatia,Igor Matanovic,igor matanovic,32,1.3438,0.6875,1.625,0.625,0.0
Croatia,Marco Pasalic,marco pasalic,10,0.8,0.7,1.2,0.4,0.3
Curaçao,Eloy Room,eloy room,3,0.0,0.0,3.3333,0.0,0.0
Curaçao,Trevor Doornbusch,trevor doornbusch,36,0.0,0.0,0.0,0.0,0.0
Curaçao,Tyrick Bodak,tyrick bodak,31,0.0,0.0,0.0,0.0,0.0
Curaçao,Joshua Brenet,joshua brenet,3,0.3333,0.0,0.3333,0.0,0.0
Curaçao,Riechedly Bazoer,riechedly bazoer,3,0.0,1.0,0.0,0.0,0.0
Curaçao,Sherel Floranus,sherel floranus,32,0.7188,0.4375,0.2188,0.0938,0.1562
Curaçao,Armando Obispo,armando obispo,33,0.1818,0.1212,0.3333,0.1818,0.0303
Curaçao,Juriën Gaari,jurien gaari,3,1.3333,0.3333,0.0,0.0,0.0
Curaçao,Roshon van Eijma,roshon van eijma,30,1.0,0.5,0.2667,0.1333,0.1
Curaçao,Shurandy Sambo,shurandy sambo,30,0.6,0.2667,0.2,0.0333,0.2
Curaçao,Livano Comenencia,livano comenencia,3,0.3333,0.3333,0.0,0.0,0.0
Curaçao,Deveron Fonville,deveron fonville,29,0.4828,0.4483,0.1724,0.0,0.1034
Curaçao,Leandro Bacuna,leandro bacuna,3,1.6667,1.3333,0.6667,0.3333,0.0
Curaçao,Kevin Felida,kevin felida,34,0.9706,2.3824,1.0294,0.3824,0.1176
Curaçao,Godfried Roemeratoe,godfried roemeratoe,34,0.7941,0.5,0.5,0.0588,0.1765
Curaçao,Tahith Chong,tahith chong,3,0.3333,3.3333,1.0,0.6667,0.3333
Curaçao,Ar'jany Martha,ar'jany martha,3,0.0,0.3333,0.3333,0.3333,0.0
Curaçao,Tyrese Noslin,tyrese noslin,34,1.0294,1.4118,1.1471,0.5,0.1471
Curaçao,Jürgen Locadia,jurgen locadia,1,2.0,0.0,0.0,0.0,0.0
Curaçao,Gervane Kastaneer,gervane kastaneer,3,0.6667,2.0,0.3333,0.0,0.3333
Curaçao,Kenji Gorré,kenji gorre,3,0.3333,0.3333,0.0,0.0,0.0
Curaçao,Sontje Hansen,sontje hansen,3,0.0,0.3333,0.3333,0.0,0.0
Curaçao,Jearl Margaritha,jearl margaritha,3,0.0,0.3333,0.6667,0.0,0.0
Curaçao,Jeremy Antonisse,jeremy antonisse,3,1.0,0.0,1.0,0.6667,0.3333
Czechia,Jindrich Stanek,jindrich stanek,8,0.0,0.0,2.0,0.0,0.0
Czechia,Matej Kovár,matej kovar,32,0.0,0.0312,1.2812,0.0,0.0
Czechia,Lukás Hornícek,lukas hornicek,33,0.0,0.0,1.0,0.0,0.1212
Czechia,Ladislav Krejcí,ladislav krejci,30,1.1,0.2333,0.7,0.3333,0.1
Czechia,Vladimír Coufal,vladimir coufal,34,0.9706,1.2353,0.7353,0.1765,0.1176
Czechia,Tomás Holes,tomas holes,4,0.25,0.25,0.25,0.0,0.0
Czechia,David Zima,david zima,8,1.5,0.875,0.25,0.125,0.25
Czechia,Robin Hranác,robin hranac,32,0.8125,0.3125,0.25,0.0938,0.1562
Czechia,Stepán Chaloupek,stepan chaloupek,8,1.0,0.75,0.375,0.125,0.125
Czechia,Vladimír Darida,vladimir darida,30,0.9667,1.3333,0.9333,0.3667,0.1667
Czechia,Tomás Soucek,tomas soucek,35,1.0571,0.6286,0.7429,0.4,0.0857
Czechia,Michal Sadílek,michal sadilek,8,1.0,1.25,1.0,0.25,0.0
Czechia,Lukás Provod,lukas provod,8,1.25,1.375,2.5,0.625,0.125
Czechia,Pavel Sulc,pavel sulc,28,1.0,0.5357,1.5714,0.6429,0.1071
Czechia,David Doudera,david doudera,7,0.8571,0.8571,0.5714,0.2857,0.1429
Czechia,Patrik Schick,patrik schick,28,0.7857,0.7143,2.5714,1.2143,0.0714
Czechia,Tomás Chorý,tomas chory,8,1.5,0.375,1.75,0.5,0.125
Czechia,Adam Hlozek,adam hlozek,6,0.0,0.1667,0.5,0.1667,0.0
Czechia,Mojmír Chytil,mojmir chytil,8,0.375,0.375,0.5,0.25,0.125
Ecuador,Gonzalo Valle,gonzalo valle,14,0.0,0.0,0.9286,0.0,0.1429
Ecuador,Hernán Galíndez,hernan galindez,17,0.0,0.0,0.9412,0.0,0.0
Ecuador,Moisés Ramírez,moises ramirez,33,0.0,0.0,1.1212,0.0,0.2424
Ecuador,Pervis Estupiñán,pervis estupinan,33,0.4848,0.2424,0.2727,0.0303,0.1515
Ecuador,Félix Torres,felix torres,14,0.8571,0.3571,0.6429,0.1429,0.2143
Ecuador,Ángelo Preciado,angelo preciado,14,0.5714,0.7857,0.2857,0.0,0.0714
Ecuador,Jackson Porozo,jackson porozo,35,1.0,0.9143,0.4571,0.0857,0.2571
Ecuador,Willian Pacho,willian pacho,31,0.1935,0.2258,0.2581,0.0323,0.0
Ecuador,Piero Hincapié,piero hincapie,30,0.6,0.4667,0.1,0.0667,0.0667
Ecuador,Yaimar Medina,yaimar medina,34,0.5,0.8824,0.7941,0.3235,0.1176
Ecuador,Joel Ordóñez,joel ordonez,34,1.0882,0.5,0.4706,0.1176,0.1176
Ecuador,Alan Franco,alan franco,16,1.5625,0.25,0.3125,0.125,0.1875
Ecuador,Jordy Alcívar,jordy alcivar,12,0.25,0.3333,0.6667,0.0833,0.0833
Ecuador,Moisés Caicedo,moises caicedo,34,1.5882,1.6176,0.7941,0.2059,0.3235
Ecuador,Denil Castillo,denil castillo,27,1.2593,1.5185,0.7778,0.3704,0.1852
Ecuador,Kendry Páez,kendry paez,14,0.2143,0.2857,0.7143,0.4286,0.0714
Ecuador,Enner Valencia,enner valencia,23,1.087,0.9565,2.3043,0.8696,0.0435
Ecuador,Jordy Caicedo,jordy caicedo,17,2.4118,0.7647,1.9412,1.0,0.4706
Ecuador,Gonzalo Plata,gonzalo plata,14,0.5714,0.7857,1.5714,0.8571,0.0714
Ecuador,Anthony Valencia,anthony valencia,27,0.5926,0.6667,1.0741,0.4444,0.1111
Ecuador,Nilson Angulo,nilson angulo,8,1.375,0.375,0.875,0.375,0.125
Ecuador,Alan Minda,alan minda,13,0.1538,0.4615,0.7692,0.3846,0.0
Ecuador,Jeremy Arévalo,jeremy arevalo,9,0.0,0.3333,0.3333,0.1111,0.0
Egypt,Mohamed Alaa,mohamed alaa,1,0.0,0.0,0.0,0.0,0.0
Egypt,Ramy Rabia,ramy rabia,3,0.3333,0.3333,0.6667,0.3333,0.3333
Egypt,Mohamed Abdelmoneim,mohamed abdelmoneim,1,0.0,0.0,0.0,0.0,0.0
Egypt,Tarek Alaa,tarek alaa,1,0.0,0.0,0.0,0.0,0.0
Egypt,Nabil Donga,nabil donga,12,1.0833,1.25,0.5,0.0,0.25
Egypt,Mohanad Lashin,mohanad lashin,6,0.5,0.5,0.3333,0.0,0.0
Egypt,Mostafa Zico,mostafa zico,8,0.5,0.125,1.0,0.375,0.0
Egypt,Mohamed Salah,mohamed salah,29,0.3448,0.5517,2.3448,0.6552,0.0345
Egypt,Haissem Hassan,haissem hassan,38,0.3158,0.6579,0.8947,0.2105,0.0263
Egypt,Ibrahim Adel,ibrahim adel,13,1.1538,1.0769,2.3077,1.0769,0.1538
Egypt,Omar Marmoush,omar marmoush,28,0.3571,0.75,1.0714,0.3214,0.1071
England,Jordan Pickford,jordan pickford,38,0.0,0.0263,1.3158,0.0,0.1053
England,Dean Henderson,dean henderson,37,0.0,0.0541,1.3784,0.0,0.1351
England,James Trafford,james trafford,38,0.0,0.0,0.1579,0.0,0.0
England,John Stones,john stones,24,0.0,0.0,0.0,0.0,0.0
England,Reece James,reece james,32,0.8438,0.6875,0.6875,0.2188,0.125
England,Dan Burn,dan burn,31,1.1613,0.4194,0.3226,0.0968,0.2903
England,Ezri Konsa,ezri konsa,36,0.3056,1.1111,0.3056,0.0556,0.0
England,Marc Guéhi,marc guehi,16,0.6875,1.25,1.125,0.3125,0.125
England,Djed Spence,djed spence,34,0.8235,0.6176,0.3824,0.2353,0.1176
England,Jarell Quansah,jarell quansah,30,0.6,0.7,0.6,0.2667,0.3
England,Tino Livramento,tino livramento,17,0.4118,0.9412,0.1765,0.0,0.0588
England,Nico O'Reilly,nico o'reilly,35,1.2857,0.5143,1.1714,0.4286,0.1429
England,Jordan Henderson,jordan henderson,33,0.3939,0.2121,0.1818,0.0303,0.1818
England,Declan Rice,declan rice,37,0.7027,0.2973,1.0811,0.3514,0.0811
England,Elliot Anderson,elliot anderson,38,1.5,2.1053,1.1579,0.2632,0.2105
England,Eberechi Eze,eberechi eze,36,0.3889,1.0833,1.5833,0.5,0.0278
England,Morgan Rogers,morgan rogers,37,1.2432,1.3243,2.2703,0.8649,0.1892
England,Jude Bellingham,jude bellingham,28,1.1786,1.9643,1.8214,0.9286,0.1071
England,Kobbie Mainoo,kobbie mainoo,32,0.4062,0.6875,0.4062,0.0938,0.0625
England,Harry Kane,harry kane,32,0.7812,1.0,3.7188,2.0938,0.0312
England,Ivan Toney,ivan toney,32,1.1562,1.2188,2.9062,1.5312,0.125
England,Ollie Watkins,ollie watkins,37,0.9459,0.8649,2.2432,1.027,0.1081
England,Marcus Rashford,marcus rashford,36,0.2778,0.6944,2.1111,0.8056,0.0833
England,Anthony Gordon,anthony gordon,30,0.4333,1.3333,1.6,0.6667,0.1
England,Bukayo Saka,bukayo saka,33,1.0,1.6364,2.1515,0.8182,0.0606
England,Noni Madueke,noni madueke,32,0.4688,0.4688,0.8125,0.3125,0.0
France,Brice Samba,brice samba,32,0.0,0.0312,1.375,0.0,0.1562
France,Mike Maignan,mike maignan,37,0.0,0.0,0.9459,0.0,0.1081
France,Robin Risser,robin risser,34,0.0294,0.0,1.0294,0.0,0.0588
France,Lucas Digne,lucas digne,38,0.3684,0.3158,0.3684,0.1316,0.0789
France,Lucas Hernández,lucas hernandez,34,0.6471,0.5588,0.3235,0.0882,0.1176
France,Dayot Upamecano,dayot upamecano,31,0.4839,0.1613,0.2581,0.0645,0.129
France,Jules Koundé,jules kounde,33,0.697,0.7273,0.4242,0.1212,0.1818
France,Theo Hernández,theo hernandez,31,0.871,1.7097,1.6774,0.5161,0.2258
France,Ibrahima Konaté,ibrahima konate,37,0.8919,1.1081,0.3243,0.1081,0.1892
France,Maxence Lacroix,maxence lacroix,36,0.9444,0.5278,0.6667,0.1944,0.1111
France,William Saliba,william saliba,31,0.7097,0.5161,0.1613,0.0323,0.0645
France,Malo Gusto,malo gusto,35,0.5714,0.5714,0.3429,0.1714,0.0857
France,N'Golo Kanté,n'golo kante,14,1.1429,0.5,0.5714,0.1429,0.2143
France,Adrien Rabiot,adrien rabiot,29,1.2069,1.8966,1.5862,0.4138,0.1379
France,Aurélien Tchouaméni,aurelien tchouameni,34,0.9118,0.7941,1.3235,0.2059,0.2353
France,Manu Koné,manu kone,29,1.6207,1.8276,0.7241,0.1724,0.069
France,Michael Olise,michael olise,33,0.9697,1.7576,3.0606,1.5152,0.2424
France,Rayan Cherki,rayan cherki,34,0.5,1.0,1.6176,0.3824,0.0294
France,Maghnes Akliouche,maghnes akliouche,32,0.9062,1.125,1.5,0.5938,0.0938
France,Warren Zaïre-Emery,warren zaire emery,32,1.0312,0.5312,0.5938,0.2188,0.0938
France,Ousmane Dembélé,ousmane dembele,24,0.125,0.1667,1.875,0.75,0.0
France,Kylian Mbappé,kylian mbappe,32,0.4062,1.125,4.5625,1.9688,0.125
France,Jean-Philippe Mateta,jean philippe mateta,32,0.6562,0.5938,1.9688,1.0,0.0625
France,Bradley Barcola,bradley barcola,31,0.6452,0.3226,2.1613,1.0,0.0645
France,Désiré Doué,desire doue,25,0.96,1.12,2.2,0.76,0.0
Germany,Manuel Neuer,manuel neuer,29,0.0,0.0,0.6897,0.0,0.0
Germany,Oliver Baumann,oliver baumann,34,0.0,0.0294,1.5294,0.0,0.0882
Germany,Alexander Nübel,alexander nubel,34,0.0294,0.0294,1.4412,0.0,0.0
Germany,Nathaniel Brown,nathaniel brown,33,0.8182,1.0,0.5455,0.2727,0.0909
Germany,Antonio Rüdiger,antonio rudiger,23,0.4783,0.087,0.5652,0.0435,0.0
Germany,Jonathan Tah,jonathan tah,33,0.7879,0.1818,0.2424,0.1515,0.2121
Germany,Waldemar Anton,waldemar anton,32,0.8438,0.5,0.5,0.1875,0.0938
Germany,David Raum,david raum,31,0.9355,0.5484,0.7742,0.2581,0.1935
Germany,Nico Schlotterbeck,nico schlotterbeck,28,1.0714,0.9643,1.1429,0.3214,0.2857
Germany,Malick Thiaw,malick thiaw,38,0.6316,0.2895,0.7368,0.3684,0.1053
Germany,Pascal Gross,pascal gross,19,0.8947,0.6316,0.9474,0.4737,0.1053
Germany,Leon Goretzka,leon goretzka,34,0.4412,0.4706,1.0294,0.3235,0.1176
Germany,Joshua Kimmich,joshua kimmich,30,0.2667,0.7,0.9333,0.3333,0.1333
Germany,Nadiem Amiri,nadiem amiri,26,0.7692,1.0,2.1154,0.8846,0.2308
Germany,Felix Nmecha,felix nmecha,29,0.9655,0.7586,1.1379,0.2414,0.0
Germany,Angelo Stiller,angelo stiller,34,0.5294,1.2941,0.5,0.2353,0.0294
Germany,Florian Wirtz,florian wirtz,34,0.6471,0.5588,1.5,0.5294,0.0294
Germany,Jamal Musiala,jamal musiala,15,0.3333,1.2,2.0,0.6,0.0667
Germany,Aleksandar Pavlovic,aleksandar pavlovic,32,0.5938,0.3125,0.3125,0.1562,0.0625
Germany,Assan Ouédraogo,assan ouedraogo,19,0.2105,1.1579,1.4211,0.6842,0.0
Germany,Leroy Sané,leroy sane,29,0.9655,0.6207,1.7241,0.5172,0.0345
Germany,Kai Havertz,kai havertz,14,0.5714,0.5714,1.2857,0.2857,0.0714
Germany,Deniz Undav,deniz undav,29,1.1034,0.7931,4.2069,1.5862,0.1724
Germany,Maximilian Beier,maximilian beier,33,0.9394,0.7273,1.5152,0.6061,0.0909
Germany,Jamie Leweling,jamie leweling,32,0.5312,1.375,1.5312,0.5625,0.125
Germany,Nick Woltemade,nick woltemade,34,0.5882,0.5882,0.9412,0.3824,0.0
Ghana,Lawrence Ati Zigi,lawrence ati zigi,4,0.0,0.0,1.25,0.0,0.0
Ghana,Baba Rahman,baba rahman,32,0.75,0.6562,0.4375,0.125,0.0938
Ghana,Derrick Luckassen,derrick luckassen,4,0.0,0.0,1.0,1.0,0.0
Ghana,Abdul Mumin,abdul mumin,10,0.2,0.1,0.0,0.0,0.0
Ghana,Jerome Opoku,jerome opoku,32,1.7188,1.25,0.5,0.0625,0.3125
Ghana,Gideon Mensah,gideon mensah,32,1.1562,1.0625,0.0312,0.0,0.25
Ghana,Alidu Seidu,alidu seidu,32,0.5,0.9688,0.1562,0.0312,0.0312
Ghana,Marvin Senaya,marvin senaya,30,0.8667,1.0667,0.5,0.1667,0.1667
Ghana,Jonas Adjetey,jonas adjetey,9,0.4444,0.0,0.3333,0.0,0.1111
Ghana,Kojo Peprah Oppong,kojo peprah oppong,32,0.9688,0.9375,0.3438,0.0938,0.125
Ghana,Thomas Partey,thomas partey,29,0.3793,0.2069,0.3793,0.069,0.0345
Ghana,Elisha Owusu,elisha owusu,29,1.6897,0.7586,0.2414,0.0,0.2414
Ghana,Kwasi Sibo,kwasi sibo,36,0.8333,0.1111,0.25,0.0556,0.0833
Ghana,Augustine Boakye,augustine boakye,31,1.8387,1.1935,1.8065,0.5806,0.3871
Ghana,Caleb Yirenkyi,caleb yirenkyi,30,1.6,1.3,0.6667,0.2333,0.3
Ghana,Jordan Ayew,jordan ayew,45,1.0889,1.2889,1.0444,0.4222,0.1111
Ghana,Iñaki Williams,inaki williams,30,0.9333,0.7667,1.9,0.6667,0.0667
Ghana,Brandon Thomas-Asante,brandon thomas asante,32,0.6875,0.9688,1.9688,0.8125,0.0
Ghana,Antoine Semenyo,antoine semenyo,18,1.1667,0.3889,2.0,0.8889,0.0556
Ghana,Kamaldeen Sulemana,kamaldeen sulemana,35,0.3714,0.4,0.7143,0.2857,0.1143
Ghana,Fatawu Issahaku,fatawu issahaku,44,1.2273,1.7045,2.5455,0.6364,0.1818
Ghana,Ernest Nuamah,ernest nuamah,3,0.0,0.0,0.6667,0.0,0.0
Ghana,Christopher Bonsu Baah,christopher bonsu baah,32,1.4375,1.625,0.9375,0.3438,0.1562
Haiti,Johny Placide,johny placide,25,0.04,0.04,0.96,0.0,0.08
Haiti,Josué Duverger,josue duverger,1,0.0,0.0,0.0,0.0,0.0
Haiti,Ricardo Adé,ricardo ade,11,0.8182,0.4545,0.2727,0.1818,0.2727
Haiti,Carlens Arcus,carlens arcus,28,1.1786,0.5714,0.3214,0.0357,0.25
Haiti,Markhus Lacroix,markhus lacroix,1,1.0,0.0,0.0,0.0,0.0
Haiti,Jean-Kévin Duverne,jean kevin duverne,28,0.3929,0.1429,0.1429,0.1071,0.1786
Haiti,Martin Expérience,martin experience,22,0.6818,0.4091,0.5455,0.1364,0.1818
Haiti,Keeto Thermoncy,keeto thermoncy,1,0.0,0.0,0.0,0.0,0.0
Haiti,Jean-Ricner Bellegarde,jean ricner bellegarde,28,0.7143,1.4643,0.75,0.25,0.1786
Haiti,Carl Sainté,carl sainte,6,0.6667,0.5,0.3333,0.0,0.1667
Haiti,Danley Jean Jacques,danley jean jacques,14,1.1429,0.7143,1.0,0.1429,0.3571
Haiti,Dominique Simon,dominique simon,2,0.0,0.0,0.0,0.0,0.0
Haiti,Woodensky Pierre,woodensky pierre,2,0.5,0.0,0.5,0.0,0.0
Haiti,Duckens Nazon,duckens nazon,7,0.2857,0.0,0.5714,0.4286,0.1429
Haiti,Derrick Etienne Jr.,derrick etienne jr.,14,0.6429,0.6429,0.7857,0.5,0.0
Haiti,Frantzdy Pierrot,frantzdy pierrot,14,0.0714,0.2143,0.3571,0.0714,0.0
Haiti,Wilson Isidor,wilson isidor,36,0.3889,0.1944,1.1944,0.4722,0.0278
Haiti,Louicius Deedson,louicius deedson,10,0.4,0.1,0.6,0.1,0.0
Haiti,Josué Casimir,josue casimir,32,1.0625,1.0,0.6875,0.375,0.125
Haiti,Ruben Providence,ruben providence,30,0.4333,0.3667,0.6,0.2,0.0
Iran,Hossein Hosseini,hossein hosseini,6,0.0,0.0,0.8333,0.0,0.0
Iran,Alireza Beiranvand,alireza beiranvand,9,0.0,0.1111,0.4444,0.0,0.0
Iran,Shoja Khalilzadeh,shoja khalilzadeh,9,1.3333,0.5556,0.6667,0.2222,0.3333
Iran,Ehsan Hajsafi,ehsan hajsafi,6,0.0,0.5,1.0,0.1667,0.0
Iran,Ramin Rezaeian,ramin rezaeian,5,1.0,0.4,0.4,0.0,0.2
Iran,Saleh Hardani,saleh hardani,8,1.5,2.0,0.5,0.125,0.0
Iran,Arya Yousefi,arya yousefi,6,0.1667,1.3333,1.8333,0.6667,0.3333
Iran,Danial Iri,danial iri,1,0.0,0.0,0.0,0.0,0.0
Iran,Mehdi Torabi,mehdi torabi,8,0.375,0.5,0.625,0.125,0.0
Iran,Saman Ghoddos,saman ghoddos,32,0.4062,0.2812,0.25,0.0625,0.1562
Iran,Roozbeh Cheshmi,roozbeh cheshmi,6,0.0,0.3333,0.5,0.5,0.0
Iran,Mohammad Mohebbi,mohammad mohebbi,30,0.5333,1.2333,1.2333,0.5,0.1
Iran,Mohammad Ghorbani,mohammad ghorbani,9,1.2222,0.6667,0.7778,0.2222,0.1111
Iran,Amirmohammad Razzaghinia,amirmohammad razzaghinia,8,1.25,0.125,0.75,0.125,0.125
Iran,Mehdi Taremi,mehdi taremi,27,0.8889,0.963,2.1481,0.8889,0.037
Iran,Amirhossein Hosseinzadeh,amirhossein hosseinzadeh,9,0.6667,0.4444,2.3333,0.6667,0.1111
Iran,Dennis Dargahi,dennis dargahi,35,0.8571,0.9429,0.9143,0.2857,0.0571
Iraq,Jalal Hassan,jalal hassan,8,0.0,0.125,2.125,0.0,0.125
Iraq,Ahmed Basil,ahmed basil,5,0.0,0.0,2.6,0.0,0.0
Iraq,Rebin Sulaka,rebin sulaka,11,0.0,0.0,0.0,0.0,0.0
Iraq,Hussein Ali,hussein ali,27,0.037,0.1111,0.0,0.0,0.0
Iraq,Munaf Younus,munaf younus,8,0.5,0.25,0.125,0.0,0.0
Iraq,Mustafa Saadoon,mustafa saadoon,8,0.5,0.0,0.5,0.25,0.0
Iraq,Akam Hashim,akam hashim,8,0.375,1.0,0.75,0.125,0.0
Iraq,Zaid Tahseen,zaid tahseen,4,0.75,0.25,1.25,0.25,0.0
Iraq,Ibrahim Bayesh,ibrahim bayesh,12,1.8333,1.1667,0.75,0.3333,0.25
Iraq,Kevin Yakob,kevin yakob,30,0.9333,0.6333,1.3333,0.5667,0.0667
Iraq,Aimar Sher,aimar sher,9,1.0,2.4444,1.2222,0.5556,0.1111
Iraq,Zidane Iqbal,zidane iqbal,11,0.7273,0.8182,0.3636,0.1818,0.2727
Iraq,Aymen Hussein,aymen hussein,2,2.0,1.5,3.5,0.5,0.0
Iraq,Mohanad Ali,mohanad ali,8,0.75,0.375,3.0,1.0,0.25
Iraq,Ali Yousif,ali yousif,10,0.1,0.2,0.4,0.1,0.0
Iraq,Ali Jasim,ali jasim,25,0.72,0.64,1.72,0.72,0.04
Iraq,Ahmed Qasim,ahmed qasim,14,1.1429,0.7857,0.7143,0.4286,0.2143
Iraq,Youssef Amyn,youssef amyn,1,0.0,0.0,1.0,1.0,0.0
Iraq,Ali Al-Hamadi,ali al hamadi,14,0.7143,0.4286,0.7857,0.3571,0.0714
Ivory Coast,Yahia Fofana,yahia fofana,28,0.0357,0.0,1.5,0.0,0.0714
Ivory Coast,Mohamed Koné,mohamed kone,38,0.0,0.0,0.4737,0.0,0.0526
Ivory Coast,Evan Ndicka,evan ndicka,31,1.0323,1.129,0.7419,0.1935,0.1613
Ivory Coast,Christopher Operi,christopher operi,25,0.84,1.04,0.52,0.08,0.12
Ivory Coast,Ghislain Konan,ghislain konan,30,0.7333,0.8667,0.5667,0.2,0.1667
Ivory Coast,Odilon Kossounou,odilon kossounou,29,0.5517,0.1034,0.1724,0.0345,0.0345
Ivory Coast,Wilfried Singo,wilfried singo,23,0.8261,0.7826,0.5217,0.1304,0.1304
Ivory Coast,Emmanuel Agbadou,emmanuel agbadou,14,1.2857,0.3571,0.6429,0.2857,0.2857
Ivory Coast,Ousmane Diomande,ousmane diomande,23,1.2174,0.3478,0.4783,0.087,0.2174
Ivory Coast,Guela Doué,guela doue,24,1.75,1.0,0.5,0.2083,0.125
Ivory Coast,Seko Fofana,seko fofana,14,0.1429,0.2143,0.7143,0.2143,0.0714
Ivory Coast,Jean Michaël Seri,jean michael seri,5,1.2,0.4,0.8,0.2,0.2
Ivory Coast,Franck Kessié,franck kessie,26,1.3077,0.6154,1.2692,0.7308,0.1923
Ivory Coast,Ibrahim Sangaré,ibrahim sangare,31,1.3548,0.5806,0.5161,0.1613,0.1613
Ivory Coast,Parfait Guiagon,parfait guiagon,33,0.8485,1.9091,2.4242,0.6667,0.1818
Ivory Coast,Christ Inao Oulaï,christ inao oulai,25,1.56,1.96,0.92,0.28,0.36
Ivory Coast,Nicolas Pépé,nicolas pepe,38,0.6053,1.1316,1.6579,0.6579,0.1053
Ivory Coast,Evann Guessand,evann guessand,9,0.4444,1.0,0.4444,0.2222,0.0
Ivory Coast,Amad Diallo,amad diallo,32,0.7188,1.1875,1.6562,0.7188,0.0625
Ivory Coast,Ange-Yoan Bonny,ange yoan bonny,35,0.4857,0.6857,0.6286,0.2571,0.0286
Ivory Coast,Elye Wahi,elye wahi,14,1.5,0.3571,1.6429,1.0714,0.3571
Ivory Coast,Simon Adingra,simon adingra,14,0.5,0.5714,1.5714,0.4286,0.0
Ivory Coast,Oumar Diakité,oumar diakite,26,1.1154,0.8077,1.5,0.6923,0.1538
Ivory Coast,Bazoumana Touré,bazoumana toure,33,1.3333,0.8788,1.4545,0.3939,0.0606
Ivory Coast,Yan Diomande,yan diomande,33,0.5758,1.0303,1.6061,0.7879,0.0606
Japan,Keisuke Osako,keisuke osako,16,0.0,0.0,1.0625,0.0,0.0
Japan,Zion Suzuki,zion suzuki,23,0.0,0.0,1.2174,0.0,0.0435
Japan,Tomoki Hayakawa,tomoki hayakawa,17,0.0,0.0588,0.5294,0.0,0.0
Japan,Hiroki Ito,hiroki ito,21,0.4762,0.1429,0.4762,0.1429,0.0
Japan,Yuto Nagatomo,yuto nagatomo,9,1.2222,0.2222,0.5556,0.1111,0.1111
Japan,Shogo Taniguchi,shogo taniguchi,40,0.625,0.625,0.35,0.05,0.1
Japan,Takehiro Tomiyasu,takehiro tomiyasu,15,0.1333,0.2,0.0667,0.0,0.0
Japan,Ayumu Seko,ayumu seko,30,0.9333,0.6667,0.5667,0.2,0.2
Japan,Yukinari Sugawara,yukinari sugawara,32,0.6875,0.3438,0.9375,0.3438,0.0625
Japan,Tsuyoshi Watanabe,tsuyoshi watanabe,30,0.7333,0.5,0.7667,0.3333,0.0333
Japan,Junnosuke Suzuki,junnosuke suzuki,25,1.04,0.64,1.28,0.28,0.04
Japan,Daichi Kamada,daichi kamada,28,1.0714,1.0,0.6786,0.1429,0.1071
Japan,Ritsu Doan,ritsu doan,32,0.8125,1.0625,1.2812,0.4688,0.1562
Japan,Ao Tanaka,ao tanaka,37,0.3514,0.2432,0.4595,0.1351,0.027
Japan,Yuito Suzuki,yuito suzuki,29,0.6552,0.3448,1.3103,0.4828,0.1034
Japan,Kaishu Sano,kaishu sano,34,0.4118,0.8824,0.7059,0.1765,0.0294
Japan,Junya Ito,junya ito,28,0.5357,0.4643,1.2857,0.5714,0.1429
Japan,Koki Ogawa,koki ogawa,34,0.3824,0.4706,1.2647,0.5294,0.0294
Japan,Takefusa Kubo,takefusa kubo,27,0.3333,1.8519,1.037,0.4444,0.0741
Japan,Keito Nakamura,keito nakamura,29,0.7241,0.5862,3.0345,1.4828,0.069
Japan,Daizen Maeda,daizen maeda,36,1.6111,0.6667,1.9722,0.9167,0.1667
Japan,Keisuke Goto,keisuke goto,38,0.9737,0.8947,1.6316,0.6579,0.1316
Japan,Kento Shiogai,kento shiogai,16,0.5,0.1875,0.5625,0.375,0.1875
Jordan,Yazeed Abulaila,yazeed abulaila,6,0.1667,0.0,1.0,0.0,0.0
Jordan,Nour Bani Ateyah,nour bani ateyah,6,0.0,0.0,1.6667,0.0,0.1667
Jordan,Ehsan Haddad,ehsan haddad,1,0.0,1.0,0.0,0.0,0.0
Jordan,Yazan Al-Arab,yazan al arab,1,1.0,0.0,2.0,1.0,0.0
Jordan,Saleem Obaid,saleem obaid,7,0.8571,0.7143,0.2857,0.0,0.0
Jordan,Abdallah Nasib,abdallah nasib,7,0.2857,0.2857,0.2857,0.1429,0.0
Jordan,Mohannad Abu Taha,mohannad abu taha,16,1.875,1.0625,1.125,0.4375,0.125
Jordan,Husam Abu Dahab,husam abu dahab,6,0.5,0.1667,0.3333,0.0,0.1667
Jordan,Saed Al-Rosan,saed al rosan,7,0.8571,0.1429,0.1429,0.0,0.2857
Jordan,Mohammad Abughoush,mohammad abughoush,3,0.0,0.3333,0.3333,0.0,0.0
Jordan,Rajaei Ayed,rajaei ayed,7,0.5714,0.1429,0.7143,0.0,0.0
Jordan,Mohammad Al-Daoud,mohammad al daoud,8,0.0,0.0,0.5,0.0,0.0
Jordan,Nizar Al-Rashdan,nizar al rashdan,7,1.0,0.7143,0.4286,0.0,0.0
Jordan,Amer Jamous,amer jamous,2,2.0,0.5,0.5,0.5,0.5
Jordan,Mahmoud Al-Mardi,mahmoud al mardi,3,2.6667,0.3333,1.0,0.0,0.6667
Jordan,Mousa Al-Tamari,mousa al tamari,33,0.5152,0.8182,1.9394,0.697,0.1212
Jordan,Mohammed Abu Zraiq,mohammed abu zraiq,2,0.5,0.5,1.5,0.5,0.0
Jordan,Odeh Fakhoury,odeh fakhoury,4,0.25,0.5,1.5,0.25,0.0
Jordan,Ali Azaizeh,ali azaizeh,16,0.5,0.5625,0.75,0.25,0.0
Mexico,Carlos Acevedo,carlos acevedo,34,0.0,0.0,1.8824,0.0,0.0294
Mexico,Raúl Rangel,raul rangel,36,0.0,0.0,1.1667,0.0,0.0833
Mexico,Jorge Sánchez,jorge sanchez,12,0.9167,0.5833,0.0833,0.0,0.1667
Mexico,César Montes,cesar montes,26,1.0,0.5,1.0385,0.4231,0.1923
Mexico,Johan Vásquez,johan vasquez,38,0.6053,1.2105,0.6316,0.1579,0.0526
Mexico,Mateo Chávez,mateo chavez,29,0.4483,0.5172,0.5172,0.1724,0.1724
Mexico,Luis Chávez,luis chavez,8,0.0,0.375,0.375,0.125,0.0
Mexico,Orbelín Pineda,orbelin pineda,31,1.4194,2.1613,1.1613,0.3226,0.1935
Mexico,Edson Álvarez,edson alvarez,12,1.8333,1.1667,0.8333,0.4167,0.3333
Mexico,Luis Romo,luis romo,28,0.6786,0.4643,1.1071,0.25,0.25
Mexico,César Huerta,cesar huerta,12,1.0833,0.6667,1.3333,0.5,0.3333
Mexico,Álvaro Fidalgo,alvaro fidalgo,16,0.125,0.375,0.25,0.125,0.0
Mexico,Obed Vargas,obed vargas,16,0.25,0.5625,0.3125,0.0,0.125
Mexico,Gilberto Mora,gilberto mora,20,0.2,1.6,1.55,0.7,0.05
Mexico,Raúl Jiménez,raul jimenez,37,1.2432,0.9189,2.0,0.5135,0.1351
Mexico,Roberto Alvarado,roberto alvarado,31,1.0323,2.0323,1.6452,0.6129,0.0323
Mexico,Julián Quiñones,julian quinones,31,0.5806,1.2258,4.3871,1.9032,0.129
Mexico,Santiago Gimenez,santiago gimenez,18,0.5556,0.8333,1.5,0.5,0.1111
Mexico,Armando González,armando gonzalez,36,0.9167,0.4444,2.8056,1.3611,0.0833
Morocco,Yassine Bounou,yassine bounou,26,0.0,0.0,0.7692,0.0,0.0385
Morocco,Ahmed Reda Tagnaouti,ahmed reda tagnaouti,11,0.0,0.0,0.6364,0.0,0.3636
Morocco,Munir El Kajoui,munir el kajoui,2,0.0,0.0,0.5,0.0,0.0
Morocco,Achraf Hakimi,achraf hakimi,19,0.4737,0.8947,1.4211,0.4737,0.1579
Morocco,Nayef Aguerd,nayef aguerd,17,1.2353,0.3529,0.5882,0.0588,0.2353
Morocco,Anass Salah-Eddine,anass salah eddine,19,0.7368,0.8421,0.4211,0.1053,0.1579
Morocco,Chadi Riad,chadi riad,17,0.2941,0.1765,0.2353,0.1176,0.1176
Morocco,Zakaria El Ouahdi,zakaria el ouahdi,34,0.6176,1.1176,2.0588,0.7059,0.1176
Morocco,Sofyan Amrabat,sofyan amrabat,18,1.2222,1.0556,0.4444,0.0556,0.2222
Morocco,Brahim Díaz,brahim diaz,35,0.5429,1.0571,0.4286,0.2,0.0571
Morocco,Azzedine Ounahi,azzedine ounahi,24,0.75,2.625,2.125,0.7917,0.2917
Morocco,Ismael Saibari,ismael saibari,27,0.9259,0.7778,3.3704,1.3704,0.0741
Morocco,Neil El Aynaoui,neil el aynaoui,30,0.7667,0.3333,0.2,0.1333,0.1667
Morocco,Bilal El Khannouss,bilal el khannouss,27,0.7037,0.3333,1.5556,0.5556,0.2222
Morocco,Ayyoub Bouaddi,ayyoub bouaddi,32,1.1562,0.75,0.5,0.1562,0.2188
Morocco,Samir El Mourabet,samir el mourabet,33,0.697,0.7879,0.3636,0.0303,0.1212
Morocco,Ayoub El Kaabi,ayoub el kaabi,28,0.7857,0.2857,3.2143,1.6071,0.0714
Morocco,Abde Ezzalzouli,abde ezzalzouli,29,0.9655,2.4483,2.5172,0.8966,0.1034
Morocco,Chemsdine Talbi,chemsdine talbi,31,0.1613,0.0323,0.8065,0.3226,0.0
Morocco,Gessime Yassine,gessime yassine,17,0.5294,1.1176,0.4706,0.0588,0.0
Morocco,Ayoube Amaimouni,ayoube amaimouni,19,0.4211,0.5263,0.6316,0.3684,0.0526
Netherlands,Mark Flekken,mark flekken,24,0.0,0.0,1.5833,0.0,0.0417
Netherlands,Bart Verbruggen,bart verbruggen,38,0.0,0.0526,1.2105,0.0,0.0789
Netherlands,Robin Roefs,robin roefs,35,0.0,0.0,1.3143,0.0,0.1143
Netherlands,Virgil van Dijk,virgil van dijk,38,0.5,0.4737,0.7895,0.3684,0.1053
Netherlands,Nathan Aké,nathan ake,35,0.0857,0.2286,0.1714,0.0286,0.0286
Netherlands,Denzel Dumfries,denzel dumfries,22,0.9091,0.5909,1.0455,0.2273,0.0909
Netherlands,Jan Paul van Hecke,jan paul van hecke,36,0.75,1.1944,0.6389,0.2778,0.25
Netherlands,Micky van de Ven,micky van de ven,36,0.7778,0.6111,0.4444,0.1667,0.25
Netherlands,Jorrel Hato,jorrel hato,35,0.4286,0.0571,0.1143,0.0,0.2
Netherlands,Marten de Roon,marten de roon,35,1.0571,0.3143,0.4571,0.1143,0.1714
Netherlands,Frenkie de Jong,frenkie de jong,26,0.3846,1.0385,0.2692,0.0769,0.1538
Netherlands,Guus Til,guus til,29,0.9655,0.6897,2.1034,0.931,0.069
Netherlands,Teun Koopmeiners,teun koopmeiners,37,0.8919,0.2973,0.7568,0.1892,0.1351
Netherlands,Tijjani Reijnders,tijjani reijnders,38,0.5,0.3947,1.2895,0.4211,0.0526
Netherlands,Ryan Gravenberch,ryan gravenberch,36,1.0556,1.1667,1.0556,0.3611,0.1389
Netherlands,Mats Wieffer,mats wieffer,26,1.1538,0.8462,0.6923,0.2308,0.3077
Netherlands,Quinten Timber,quinten timber,15,0.8667,1.3333,0.6667,0.1333,0.3333
Netherlands,Memphis Depay,memphis depay,8,0.625,0.875,0.75,0.25,0.125
Netherlands,Wout Weghorst,wout weghorst,29,1.069,1.2069,1.8966,0.6552,0.2414
Netherlands,Justin Kluivert,justin kluivert,21,0.8571,0.4762,0.8095,0.1905,0.2381
Netherlands,Cody Gakpo,cody gakpo,36,1.1667,1.2222,2.4167,0.5833,0.0833
Netherlands,Noa Lang,noa lang,15,0.4,0.5333,1.0667,0.4667,0.1333
Netherlands,Donyell Malen,donyell malen,18,0.6667,0.9444,3.8889,1.7222,0.0556
Netherlands,Brian Brobbey,brian brobbey,33,0.9697,1.1212,1.0909,0.5455,0.1818
Netherlands,Crysencio Summerville,crysencio summerville,31,1.5806,2.1613,1.7419,0.4839,0.1935
New Zealand,Max Crocombe,max crocombe,48,0.0,0.0,0.5208,0.0,0.0
New Zealand,Michael Woud,michael woud,30,0.0333,0.0,0.9333,0.0,0.0667
New Zealand,Michael Boxall,michael boxall,7,0.7143,0.4286,0.0,0.0,0.0
New Zealand,Tommy Smith,tommy smith,21,0.0,0.0,0.0,0.0,0.0952
New Zealand,Tim Payne,tim payne,14,0.3571,0.5,0.2857,0.1429,0.0
New Zealand,Francis de Vries,francis de vries,25,0.84,0.16,0.64,0.16,0.08
New Zealand,Liberato Cacace,liberato cacace,18,0.5,0.6667,0.3889,0.0556,0.0
New Zealand,Callan Elliot,callan elliot,30,0.7333,0.6,0.3667,0.0667,0.0667
New Zealand,Nando Pijnaker,nando pijnaker,19,0.6842,0.0526,0.4211,0.1053,0.0526
New Zealand,Finn Surman,finn surman,14,0.3571,0.7143,0.2857,0.1429,0.0714
New Zealand,Tyler Bindon,tyler bindon,37,0.5676,0.3784,0.3784,0.0811,0.027
New Zealand,Ryan Thomas,ryan thomas,29,1.2414,1.1724,0.4828,0.069,0.2414
New Zealand,Alex Rufer,alex rufer,23,1.0435,1.4348,1.087,0.1739,0.3478
New Zealand,Callum McCowatt,callum mccowatt,32,0.8125,1.2188,2.5,1.1875,0.125
New Zealand,Sarpreet Singh,sarpreet singh,2,0.0,1.5,1.0,0.5,0.0
New Zealand,Joe Bell,joe bell,7,0.2857,0.7143,1.0,0.1429,0.0
New Zealand,Marko Stamenic,marko stamenic,38,1.3947,0.4737,0.6316,0.2368,0.3158
New Zealand,Matthew Garbett,matthew garbett,30,1.0667,2.0667,1.7333,0.5,0.2
New Zealand,Lachlan Bayliss,lachlan bayliss,28,0.7857,1.1786,1.1071,0.3571,0.1786
New Zealand,Chris Wood,chris wood,15,0.4,0.4,1.5333,0.6,0.0
New Zealand,Kosta Barbarouses,kosta barbarouses,22,0.4091,0.4091,1.5455,0.5455,0.0455
New Zealand,Elijah Just,elijah just,36,1.3056,1.6667,2.1111,0.7222,0.1111
New Zealand,Ben Waine,ben waine,29,0.7241,0.8621,1.069,0.3793,0.069
New Zealand,Jesse Randall,jesse randall,30,0.4333,0.4667,2.9333,1.1667,0.0667
New Zealand,Ben Old,ben old,33,0.3333,1.1212,0.6061,0.303,0.0303
Norway,Ørjan Nyland,rjan nyland,37,0.0,0.0,0.2162,0.0,0.027
Norway,Egil Selvik,egil selvik,40,0.0,0.0,1.4,0.0,0.1
Norway,Sander Tangvik,sander tangvik,16,0.0,0.0,0.0625,0.0,0.0
Norway,Marcus Holmgren Pedersen,marcus holmgren pedersen,33,0.9394,0.1818,0.4545,0.0909,0.0909
Norway,Kristoffer Ajer,kristoffer ajer,36,0.6389,0.1389,0.2778,0.0833,0.1111
Norway,Julian Ryerson,julian ryerson,33,0.7879,0.6364,0.3636,0.0303,0.2424
Norway,Fredrik André Bjørkan,fredrik andre bjrkan,10,1.1,0.8,0.7,0.1,0.0
Norway,Torbjørn Heggem,torbjrn heggem,33,0.9394,0.3636,0.3333,0.0606,0.0
Norway,Leo Østigard,leo stigard,32,1.1875,0.4688,0.6875,0.375,0.2188
Norway,Henrik Falchener,henrik falchener,10,1.1,0.6,0.8,0.3,0.2
Norway,David Møller Wolfe,david mller wolfe,37,0.2703,0.1081,0.0811,0.0,0.027
Norway,Sondre Langas,sondre langas,26,0.5769,0.4615,0.6923,0.2692,0.1538
Norway,Morten Thorsby,morten thorsby,14,0.7143,0.4286,0.7857,0.2857,0.1429
Norway,Martin Ødegaard,martin degaard,25,0.36,0.36,0.88,0.32,0.0
Norway,Patrick Berg,patrick berg,10,0.3,0.2,2.8,0.8,0.1
Norway,Fredrik Aursnes,fredrik aursnes,28,0.8571,0.4643,1.0357,0.2857,0.0714
Norway,Sander Berge,sander berge,37,0.9459,0.3784,0.4054,0.0811,0.1351
Norway,Jens Petter Hauge,jens petter hauge,10,0.9,0.6,1.3,0.4,0.1
Norway,Kristian Thorstvedt,kristian thorstvedt,32,1.0625,1.7812,1.3438,0.4062,0.2812
Norway,Oscar Bobb,oscar bobb,14,0.2857,0.5714,0.5714,0.2143,0.0
Norway,Thelo Aasgaard,thelo aasgaard,36,0.7222,1.1667,1.4444,0.6111,0.1111
Norway,Antonio Nusa,antonio nusa,31,0.2903,2.0645,1.9677,0.6452,0.0
Norway,Alexander Sørloth,alexander srloth,35,0.8571,0.4571,1.9429,1.0,0.1143
Norway,Jørgen Strand Larsen,jrgen strand larsen,15,1.5333,0.7333,1.6,0.4667,0.1333
Norway,Erling Haaland,erling haaland,36,0.6667,0.6944,3.5,1.6389,0.0556
Norway,Andreas Schjelderup,andreas schjelderup,34,0.7353,1.1176,1.3824,0.4118,0.0588
Panama,Orlando Mosquera,orlando mosquera,32,0.0,0.0,1.5625,0.0,0.0312
Panama,Éric Davis,eric davis,8,0.625,1.0,0.75,0.25,0.0
Panama,Andrés Andrade,andres andrade,31,0.4839,0.4839,0.8065,0.1613,0.0323
Panama,Amir Murillo,amir murillo,13,1.0769,1.0769,1.0,0.3077,0.3077
Panama,José Córdoba,jose cordoba,32,0.9375,0.7812,0.2812,0.0625,0.125
Panama,Aníbal Godoy,anibal godoy,14,1.0714,1.3571,0.0714,0.0,0.2143
Panama,Édgar Yoel Bárcenas,edgar yoel barcenas,30,0.6667,0.9,1.0,0.4667,0.1
Panama,José Luis Rodríguez,jose luis rodriguez,38,0.6579,1.2632,1.3421,0.5,0.1579
Panama,Carlos Harvey,carlos harvey,8,0.25,0.0,0.0,0.0,0.0
Panama,Alberto Quintero,alberto quintero,7,0.4286,3.2857,1.7143,0.7143,0.0
Panama,Cecilio Waterman,cecilio waterman,11,0.7273,0.7273,2.9091,1.5455,0.0
Panama,Ismael Díaz,ismael diaz,27,0.7407,0.6667,2.0741,0.8889,0.0
Panama,José Fajardo,jose fajardo,15,0.8,0.8667,2.4667,0.7333,0.2
Panama,César Yanis,cesar yanis,11,0.0909,0.6364,1.0,0.3636,0.0
Panama,Azarias Londoño,azarias londono,10,0.7,0.8,1.1,0.5,0.0
Paraguay,Orlando Gil,orlando gil,15,0.0,0.0,0.8667,0.0,0.0
Paraguay,Juan Jose Cáceres,juan jose caceres,26,1.7308,0.9615,0.9231,0.0769,0.3077
Paraguay,Gustavo Gómez,gustavo gomez,17,1.0,0.1765,0.7647,0.2353,0.0
Paraguay,Júnior Alonso,junior alonso,15,0.6,0.3333,0.3333,0.0667,0.1333
Paraguay,Fabián Balbuena,fabian balbuena,12,0.1667,0.0833,0.0833,0.0,0.0
Paraguay,Omar Alderete,omar alderete,35,0.9714,0.2857,0.6857,0.2571,0.1714
Paraguay,José Canale,jose canale,15,0.5333,0.8667,0.2,0.0667,0.0667
Paraguay,Alexandro Maidana,alexandro maidana,9,0.8889,0.6667,0.8889,0.3333,0.2222
Paraguay,Julio Enciso,julio enciso,28,0.7143,1.1071,2.1786,0.7857,0.0714
Paraguay,Diego Gómez,diego gomez,32,1.5,0.3438,1.3125,0.4375,0.2812
Paraguay,Andrés Cubas,andres cubas,11,1.6364,1.0909,0.4545,0.0909,0.4545
Paraguay,Braian Ojeda,braian ojeda,15,1.2667,2.1333,0.7333,0.0,0.0667
Paraguay,Maurício,mauricio,16,0.75,0.75,1.375,0.4375,0.0625
Paraguay,Matías Galarza,matias galarza,10,1.8,1.5,1.8,0.5,0.2
Paraguay,Damián Bobadilla,damian bobadilla,14,1.3571,0.4286,0.9286,0.3571,0.2143
Paraguay,Miguel Almirón,miguel almiron,8,0.375,1.625,2.375,0.625,0.0
Paraguay,Gustavo Caballero,gustavo caballero,13,0.8462,0.7692,1.1538,0.3077,0.0769
Paraguay,Antonio Sanabria,antonio sanabria,30,0.5,0.5,0.4,0.1333,0.0667
Paraguay,Gabriel Ávalos,gabriel avalos,17,1.5294,1.1176,2.5294,0.7059,0.1176
Paraguay,Alex Arce,alex arce,10,0.9,0.7,1.4,0.5,0.1
Paraguay,Isidro Pitta,isidro pitta,17,1.1176,0.6471,2.1765,0.6471,0.1176
Paraguay,Ramón Sosa,ramon sosa,16,0.875,0.9375,0.8125,0.25,0.125
Portugal,Rui Silva,rui silva,32,0.0,0.0,0.7188,0.0,0.125
Portugal,José Sá,jose sa,34,0.0,0.0,1.0882,0.0,0.0588
Portugal,Diogo Costa,diogo costa,34,0.0,0.0,0.4412,0.0,0.0882
Portugal,João Cancelo,joao cancelo,19,0.5789,0.7368,0.6842,0.2105,0.0526
Portugal,Nélson Semedo,nelson semedo,26,0.7692,1.1154,0.5385,0.0769,0.3077
Portugal,Rúben Dias,ruben dias,30,0.5,0.3,0.3333,0.1333,0.1
Portugal,Diogo Dalot,diogo dalot,35,0.7143,0.4,0.6857,0.1714,0.1429
Portugal,Nuno Mendes,nuno mendes,24,0.5,1.0417,1.25,0.625,0.0417
Portugal,Gonçalo Inácio,goncalo inacio,31,0.6774,0.7419,0.3548,0.0968,0.129
Portugal,Tomás Araújo,tomas araujo,29,0.2414,0.0345,0.5862,0.1379,0.1379
Portugal,Renato Veiga,renato veiga,35,0.6857,0.1714,0.2571,0.0857,0.1429
Portugal,Bruno Fernandes,bruno fernandes,35,0.7143,1.0,2.4286,0.6857,0.1429
Portugal,Samú Costa,samu costa,34,1.8824,2.0,1.1471,0.4706,0.3235
Portugal,Bernardo Silva,bernardo silva,38,0.9737,0.5789,0.7895,0.1842,0.2632
Portugal,Rúben Neves,ruben neves,31,0.4516,0.4839,1.6129,0.5806,0.129
Portugal,Vitinha ,vitinha,31,0.4516,0.6774,1.0968,0.3226,0.0645
Portugal,Matheus Nunes,matheus nunes,37,0.4595,0.8108,0.1892,0.0541,0.1351
Portugal,João Neves,joao neves,23,0.5652,0.5652,1.1739,0.2609,0.0
Portugal,Cristiano Ronaldo,cristiano ronaldo,30,0.4,0.6333,5.3667,2.0,0.0667
Portugal,Gonçalo Guedes,goncalo guedes,32,0.5625,1.0312,1.4375,0.5625,0.0938
Portugal,Pedro Neto,pedro neto,34,0.4706,0.7353,1.3529,0.3824,0.0588
Portugal,Rafael Leão,rafael leao,30,0.6333,1.1333,2.1,0.8,0.1667
Portugal,Francisco Trincão,francisco trincao,34,0.6471,0.6176,2.1765,0.7059,0.0294
Portugal,João Félix,joao felix,33,1.7273,2.2727,3.5152,1.5455,0.2121
Portugal,Gonçalo Ramos,goncalo ramos,33,0.7273,0.697,1.7576,0.7576,0.0606
Portugal,Francisco Conceição,francisco conceicao,33,0.9697,1.2121,2.2121,0.697,0.0909
Qatar,Meshaal Barsham,meshaal barsham,10,0.0,0.0,2.2,0.0,0.0
Qatar,Mahmoud Abunada,mahmoud abunada,1,0.0,1.0,1.0,0.0,1.0
Qatar,Pedro Miguel,pedro miguel,9,0.8889,1.0,0.2222,0.0,0.2222
Qatar,Boualem Khoukhi,boualem khoukhi,9,0.4444,0.4444,1.0,0.3333,0.0
Qatar,Homam Ahmed,homam ahmed,18,0.5556,0.3889,0.7222,0.3889,0.1111
Qatar,Jassem Gaber,jassem gaber,1,2.0,0.0,0.0,0.0,1.0
Qatar,Ayoub Al-Oui,ayoub al oui,7,1.0,0.2857,0.1429,0.1429,0.1429
Qatar,Issa Laye,issa laye,1,0.0,0.0,1.0,0.0,0.0
Qatar,Abdulaziz Hatem,abdulaziz hatem,9,1.1111,0.5556,0.7778,0.2222,0.3333
Qatar,Assim Madibo,assim madibo,3,0.3333,0.0,0.0,0.0,0.3333
Qatar,Ahmed Fathy,ahmed fathy,1,0.0,0.0,0.0,0.0,0.0
Qatar,Mohamed Manai,mohamed manai,4,0.5,0.5,0.0,0.0,0.0
Qatar,Mohammed Muntari,mohammed muntari,3,0.3333,0.3333,0.6667,0.3333,0.0
Qatar,Akram Afif,akram afif,10,0.4,1.3,1.5,0.6,0.2
Qatar,Hassan Al-Haydos,hassan al haydos,8,0.25,0.0,0.375,0.125,0.125
Qatar,Ahmed Alaaeldin,ahmed alaaeldin,5,0.8,0.4,1.2,1.2,0.2
Qatar,Yusuf Abdurisag,yusuf abdurisag,11,0.0,0.3636,0.4545,0.0909,0.0
Qatar,Ahmed Al-Ganehi,ahmed al ganehi,3,0.6667,0.6667,0.0,0.0,0.0
Saudi Arabia,Ahmed Al-Kassar,ahmed al kassar,24,0.0,0.0,0.0833,0.0,0.0
Saudi Arabia,Mohammed Al-Owais,mohammed al owais,25,0.0,0.0,0.0,0.0,0.0
Saudi Arabia,Nawaf Al-Aqidi,nawaf al aqidi,25,0.04,0.0,0.48,0.0,0.0
Saudi Arabia,Hassan Kadish,hassan kadish,27,0.4074,0.3333,0.2963,0.037,0.0
Saudi Arabia,Hassan Al-Tambakti,hassan al tambakti,30,1.4667,0.5667,0.2667,0.1,0.1667
Saudi Arabia,Abdulelah Al-Amri,abdulelah al amri,28,0.6071,0.3214,0.5714,0.1071,0.1071
Saudi Arabia,Saud Abdulhamid,saud abdulhamid,31,0.8387,0.4516,0.2581,0.0968,0.129
Saudi Arabia,Ali Lajami,ali lajami,32,0.3438,0.0312,0.125,0.0,0.0
Saudi Arabia,Moteb Al-Harbi,moteb al harbi,32,0.4375,0.4062,0.25,0.125,0.0
Saudi Arabia,Nawaf Boushal,nawaf boushal,33,0.7273,0.5152,0.0,0.0,0.0909
Saudi Arabia,Ali Majrashi,ali majrashi,27,1.7407,1.6667,0.6667,0.2222,0.1852
Saudi Arabia,Jehad Thakri,jehad thakri,30,0.9333,0.4,0.2667,0.0,0.1667
Saudi Arabia,Salem Al-Dawsari,salem al dawsari,26,0.8077,1.0385,2.0769,0.7692,0.0
Saudi Arabia,Mohamed Kanno,mohamed kanno,34,0.9118,0.2647,0.9118,0.5882,0.0588
Saudi Arabia,Nasser Al-Dawsari,nasser al dawsari,27,0.7037,0.2593,0.5185,0.1111,0.0741
Saudi Arabia,Abdullah Al-Khaibari,abdullah al khaibari,32,1.0625,0.5,0.3125,0.0,0.1562
Saudi Arabia,Aiman Yahya,aiman yahya,28,1.1786,0.3929,0.6786,0.2857,0.25
Saudi Arabia,Ziyad Al-Johani,ziyad al johani,31,1.0645,0.5806,0.3871,0.0968,0.1935
Saudi Arabia,Musab Al-Juwayr,musab al juwayr,31,0.5806,0.5484,1.5484,0.5484,0.0323
Saudi Arabia,Ala Al-Hajji,ala al hajji,26,0.5385,0.6538,0.5,0.2308,0.0385
Saudi Arabia,Mohammed Abu Al-Shamat,mohammed abu al shamat,31,0.9677,0.871,1.4839,0.3871,0.0968
Saudi Arabia,Saleh Al-Shehri,saleh al shehri,22,0.4545,0.3182,0.9091,0.2727,0.0455
Saudi Arabia,Feras Al-Brikan,feras al brikan,34,0.7353,0.5882,0.5588,0.2647,0.0294
Saudi Arabia,Sultan Mandash,sultan mandash,20,0.75,0.55,0.4,0.25,0.15
Saudi Arabia,Khalid Al-Ghannam,khalid al ghannam,33,0.7879,1.2424,1.2727,0.8485,0.1212
Saudi Arabia,Abdullah Al-Hamdan,abdullah al hamdan,16,0.1875,0.3125,0.75,0.25,0.0
Scotland,Liam Kelly,liam kelly,38,0.0,0.0,0.0,0.0,0.0
Scotland,Craig Gordon,craig gordon,21,0.0,0.0,0.0952,0.0,0.0
Scotland,Angus Gunn,angus gunn,14,0.0,0.0,0.0,0.0,0.0
Scotland,Andy Robertson,andy robertson,38,0.1053,0.0263,0.2632,0.0789,0.0
Scotland,Grant Hanley,grant hanley,28,0.6429,0.6786,0.5,0.25,0.0714
Scotland,John Souttar,john souttar,29,0.6552,0.7241,0.4483,0.1034,0.2414
Scotland,Jack Hendry,jack hendry,30,1.0,0.7667,0.1667,0.0333,0.2667
Scotland,Kieran Tierney,kieran tierney,37,0.4054,0.6216,0.7838,0.2703,0.0541
Scotland,Anthony Ralston,anthony ralston,31,0.6129,0.871,0.2258,0.0968,0.129
Scotland,Dominic Hyam,dominic hyam,42,0.881,0.7619,0.3095,0.0476,0.0952
Scotland,Nathan Patterson,nathan patterson,28,0.0714,0.0714,0.0357,0.0357,0.0
Scotland,Aaron Hickey,aaron hickey,29,0.2414,0.3103,0.2069,0.0345,0.0345
Scotland,Ryan Christie,ryan christie,27,0.6296,0.8148,0.9259,0.2963,0.1111
Scotland,Kenny McLean,kenny mclean,42,0.6429,1.5952,0.8095,0.3095,0.1429
Scotland,John McGinn,john mcginn,30,1.0333,1.6,0.9333,0.4,0.1667
Scotland,Lewis Ferguson,lewis ferguson,36,0.9167,0.7222,0.3611,0.0556,0.1389
Scotland,Scott McTominay,scott mctominay,33,0.7273,2.2121,3.0606,1.0303,0.0303
Scotland,Tyler Fletcher,tyler fletcher,14,0.0,0.0,0.0,0.0,0.0
Scotland,Lawrence Shankland,lawrence shankland,29,0.8276,0.5172,2.9655,1.2759,0.1379
Scotland,Lyndon Dykes,lyndon dykes,22,1.4545,1.0,1.4091,0.5,0.1364
Scotland,Ché Adams,che adams,35,0.5143,0.4286,1.5143,0.5143,0.0
Scotland,George Hirst,george hirst,42,0.8571,0.5,1.5952,0.6905,0.1429
Scotland,Ross Stewart,ross stewart,28,0.4643,0.4286,1.1429,0.6429,0.0714
Scotland,Ben Gannon-Doak,ben gannon doak,19,0.1579,0.0526,0.1579,0.0526,0.0
Scotland,Findlay Curtis,findlay curtis,16,1.1875,1.3125,2.8125,0.75,0.0625
Senegal,Mory Diaw,mory diaw,31,0.0323,0.0,1.3226,0.0,0.0323
Senegal,Édouard Mendy,edouard mendy,26,0.0,0.0,0.6923,0.0,0.0769
Senegal,Yehvann Diouf,yehvann diouf,32,0.0,0.0,1.4062,0.0,0.0312
Senegal,Kalidou Koulibaly,kalidou koulibaly,18,0.7222,0.1667,0.6111,0.1667,0.3333
Senegal,Moussa Niakhaté,moussa niakhate,32,1.1875,1.0,0.125,0.0,0.0938
Senegal,Ismail Jakobs,ismail jakobs,29,0.4138,0.3448,0.2414,0.0,0.0345
Senegal,Antoine Mendy,antoine mendy,31,0.9677,0.7419,0.5484,0.2258,0.1613
Senegal,Mamadou Sarr,mamadou sarr,10,0.0,0.0,0.1,0.0,0.0
Senegal,El Hadji Malick Diouf,el hadji malick diouf,32,0.875,0.7812,0.5625,0.125,0.1875
Senegal,Lamine Camara,lamine camara,24,1.1667,2.0,1.0417,0.1667,0.25
Senegal,Idrissa Gueye,idrissa gueye,25,0.84,1.24,1.16,0.28,0.04
Senegal,Krépin Diatta,krepin diatta,19,0.4211,0.5263,0.3684,0.0526,0.1053
Senegal,Pape Gueye,pape gueye,33,1.0606,1.6364,1.4242,0.3939,0.2424
Senegal,Pathé Ciss,pathe ciss,29,1.0345,0.4483,0.6897,0.2759,0.3103
Senegal,Pape Matar Sarr,pape matar sarr,29,1.0,0.4483,0.5862,0.2069,0.1034
Senegal,Habib Diarra,habib diarra,21,0.9524,1.2857,1.2381,0.381,0.2857
Senegal,Bara Sapoko Ndiaye,bara sapoko ndiaye,6,0.1667,0.5,0.0,0.0,0.0
Senegal,Sadio Mané,sadio mane,25,1.16,1.16,2.44,1.2,0.24
Senegal,Ismaïla Sarr,ismaila sarr,28,0.4286,1.5,1.7143,0.75,0.0714
Senegal,Cherif Ndiaye,cherif ndiaye,23,1.5217,2.1739,1.3043,0.5217,0.087
Senegal,Iliman Ndiaye,iliman ndiaye,32,0.9375,1.1562,1.3438,0.6875,0.0625
Senegal,Nicolas Jackson,nicolas jackson,26,0.5769,0.3846,1.4615,0.8077,0.0769
Senegal,Bamba Dieng,bamba dieng,27,0.5556,0.4815,1.7037,0.8889,0.1111
Senegal,Assane Diao,assane diao,18,0.8333,2.1667,1.6667,0.5556,0.1111
Senegal,Ibrahim Mbaye,ibrahim mbaye,30,0.3333,0.4333,0.8,0.3333,0.0
South Africa,Ricardo Goss,ricardo goss,30,0.0,0.0,0.8667,0.0,0.1
South Africa,Ronwen Williams,ronwen williams,29,0.0,0.0,0.7241,0.0,0.0
South Africa,Sipho Chaine,sipho chaine,30,0.0,0.0,0.4,0.0,0.0
South Africa,Aubrey Modiba,aubrey modiba,28,0.8929,0.9286,0.8571,0.3214,0.1429
South Africa,Nkosinathi Sibisi,nkosinathi sibisi,26,0.5,0.6154,0.1923,0.0769,0.1154
South Africa,Khuliso Mudau,khuliso mudau,21,1.0,1.5714,0.1429,0.0476,0.381
South Africa,Bradley Cross,bradley cross,25,0.84,0.52,0.04,0.0,0.08
South Africa,Olwethu Makhanya,olwethu makhanya,13,1.0769,0.1538,0.4615,0.0769,0.3077
South Africa,Ime Okon,ime okon,28,0.5714,0.2857,0.3571,0.1071,0.1429
South Africa,Thabang Matuludi,thabang matuludi,23,0.8696,1.8261,2.0435,0.4783,0.1739
South Africa,Samukele Kabini,samukele kabini,7,1.4286,1.0,0.2857,0.0,0.1429
South Africa,Khulumani Ndamane,khulumani ndamane,13,1.2308,0.6923,0.5385,0.1538,0.1538
South Africa,Themba Zwane,themba zwane,20,0.3,0.3,0.4,0.1,0.0
South Africa,Sphephelo Sithole,sphephelo sithole,28,1.3214,0.3214,0.1429,0.0714,0.2143
South Africa,Teboho Mokoena,teboho mokoena,26,0.8462,1.0,1.6538,0.5769,0.1923
South Africa,Thalente Mbatha,thalente mbatha,24,0.8333,0.75,1.4583,0.4583,0.0417
South Africa,Jayden Adams,jayden adams,26,1.1538,0.6538,0.4615,0.1154,0.1154
South Africa,Kamogelo Sebelebele,kamogelo sebelebele,24,1.125,1.2917,1.5,0.5417,0.125
South Africa,Lyle Foster,lyle foster,28,0.7857,0.4643,0.7143,0.2143,0.1429
South Africa,Oswin Appollis,oswin appollis,30,0.5667,0.9333,2.6,1.0333,0.0
South Africa,Iqraam Rayners,iqraam rayners,26,0.5769,0.0769,2.0385,0.9231,0.0
South Africa,Tshepang Moremi,tshepang moremi,28,1.0,1.0714,1.8571,0.7857,0.0357
South Africa,Thapelo Maseko,thapelo maseko,1,0.0,0.0,1.0,1.0,0.0
South Africa,Relebohile Mofokeng,relebohile mofokeng,27,0.8889,1.0741,2.7037,0.8889,0.0741
South Korea,Jo Hyeon-Woo,jo hyeon woo,5,0.0,0.0,1.4,0.0,0.0
South Korea,Kim Min-Jae,kim min jae,30,0.3,0.1,0.1667,0.1,0.0333
South Korea,Kim Tae-Hyeon,kim tae hyeon,16,0.5625,0.375,0.1875,0.0625,0.0625
South Korea,Lee Tae-Seok,lee tae seok,30,1.4,0.6333,1.1333,0.3333,0.2
South Korea,Lee Han-Beom,lee han beom,32,1.125,0.375,0.3438,0.0312,0.0938
South Korea,Lee Gi-Hyuk,lee gi hyuk,9,0.2222,1.4444,0.2222,0.0,0.0
South Korea,Cho Wi-Je,cho wi je,1,0.0,0.0,0.0,0.0,0.0
South Korea,Lee Jae-Sung,lee jae sung,28,0.6786,0.75,1.0714,0.3214,0.1429
South Korea,Lee Dong-Gyeong,lee dong gyeong,4,0.5,0.0,3.0,1.25,0.0
South Korea,Lee Kang-In,lee kang in,29,0.6207,0.6552,1.2759,0.5172,0.1034
South Korea,Hwang In-Beom,hwang in beom,19,0.5789,0.5789,0.8421,0.2632,0.1053
South Korea,Jens Castrop,jens castrop,27,1.1481,0.963,1.1111,0.4444,0.0741
South Korea,Park Jin-Seop,park jin seop,13,1.8462,0.5385,1.1538,0.4615,0.3077
South Korea,Bae Jun-Ho,bae jun ho,44,0.4773,0.9318,1.0909,0.3182,0.0227
South Korea,Son Heung-Min,son heung min,13,0.3846,1.3846,3.0,0.7692,0.0769
South Korea,Hwang Hee-Chan,hwang hee chan,33,0.8485,0.5455,0.5758,0.1818,0.1515
South Korea,Eom Ji-Sung,eom ji sung,45,0.6889,1.1333,1.2,0.3111,0.0667
South Korea,Oh Hyeon-Gyu,oh hyeon gyu,13,1.4615,2.1538,2.2308,1.0,0.1538
South Korea,Cho Gue-Sung,cho gue sung,27,1.0,0.4444,1.4074,0.5556,0.1481
South Korea,Yang Hyun-Jun,yang hyun jun,34,0.6471,0.8235,1.2647,0.5,0.0294
Spain,David Raya,david raya,37,0.0,0.0,0.7027,0.0,0.027
Spain,Unai Simón,unai simon,38,0.0,0.0,1.4211,0.0,0.0263
Spain,Joan García,joan garcia,32,0.0,0.0,0.6562,0.0,0.0312
Spain,Eric García,eric garcia,37,0.8919,0.6486,0.6757,0.1892,0.1622
Spain,Aymeric Laporte,aymeric laporte,27,0.3333,0.4815,0.5556,0.1852,0.1481
Spain,Alejandro Grimaldo,alejandro grimaldo,30,0.3667,0.9667,2.0,0.7,0.1667
Spain,Marc Cucurella,marc cucurella,34,1.3235,0.8529,0.5882,0.1765,0.2353
Spain,Pedro Porro,pedro porro,34,0.9412,0.7647,0.9412,0.2353,0.2941
Spain,Marc Pubill,marc pubill,36,0.4444,0.3889,0.3056,0.1111,0.0556
Spain,Pau Cubarsí,pau cubarsi,38,0.6579,0.2368,0.2632,0.0526,0.0789
Spain,Marcos Llorente,marcos llorente,30,0.9333,0.3667,0.6,0.2,0.1667
Spain,Mikel Merino,mikel merino,24,0.9167,0.8333,0.9167,0.3333,0.0417
Spain,Fabián Ruiz,fabian ruiz,20,0.1,0.15,0.95,0.2,0.1
Spain,Dani Olmo,dani olmo,33,0.8182,1.2727,2.1212,0.6364,0.0303
Spain,Rodri,rodri,22,0.6364,1.4091,0.7273,0.1364,0.1364
Spain,Pedri,pedri,30,0.3,1.4333,0.7,0.3333,0.0
Spain,Martín Zubimendi,martin zubimendi,38,0.8684,0.3947,0.7105,0.2368,0.1053
Spain,Yéremy Pino,yeremy pino,36,0.8333,0.6667,1.25,0.3056,0.1111
Spain,Álex Baena,alex baena,30,0.8667,0.9667,0.9667,0.2333,0.1667
Spain,Gavi,gavi,13,0.8462,1.0769,0.0,0.0,0.2308
Spain,Borja Iglesias,borja iglesias,37,1.027,0.8108,1.2432,0.7027,0.1892
Spain,Mikel Oyarzabal,mikel oyarzabal,35,0.8,1.2,2.2571,1.0286,0.0857
Spain,Ferran Torres,ferran torres,35,0.3714,0.5714,1.9714,1.0571,0.0571
Spain,Nico Williams,nico williams,25,1.04,1.16,1.84,0.64,0.08
Spain,Lamine Yamal,lamine yamal,28,1.0,1.8571,4.1786,1.3214,0.0357
Spain,Víctor Muñoz,victor munoz,34,0.9412,1.5882,2.3824,0.9118,0.0882
Sweden,Kristoffer Nordfeldt,kristoffer nordfeldt,9,0.0,0.0,1.4444,0.0,0.3333
Sweden,Viktor Johansson,viktor johansson,25,0.04,0.0,1.0,0.0,0.08
Sweden,Jacob Widell Zetterström,jacob widell zetterstrom,33,0.0,0.0,1.2727,0.0,0.0303
Sweden,Carl Starfelt,carl starfelt,20,0.95,0.4,0.2,0.05,0.05
Sweden,Eric Smith,eric smith,27,0.5556,1.0741,0.4444,0.1852,0.1481
Sweden,Victor Lindelöf,victor lindelof,34,0.0588,0.0294,0.0882,0.0,0.0
Sweden,Gabriel Gudmundsson,gabriel gudmundsson,32,0.9688,1.75,0.5625,0.0938,0.125
Sweden,Hjalmar Ekdal,hjalmar ekdal,33,0.1515,0.2121,0.1818,0.0303,0.0
Sweden,Daniel Svensson,daniel svensson,34,0.8235,0.6471,0.3529,0.1176,0.0
Sweden,Isak Hien,isak hien,32,1.125,0.6562,0.2812,0.0938,0.1562
Sweden,Gustaf Lagerbielke,gustaf lagerbielke,28,1.6429,0.8929,0.6429,0.1429,0.2143
Sweden,Mattias Svanberg,mattias svanberg,25,0.72,0.8,0.84,0.32,0.16
Sweden,Jesper Karlström,jesper karlstrom,36,1.1389,0.8333,0.5556,0.0833,0.1667
Sweden,Yasin Ayari,yasin ayari,31,0.7742,0.9032,1.3226,0.3226,0.0323
Sweden,Herman Johansson,herman johansson,14,1.6429,0.5,0.1429,0.0714,0.1429
Sweden,Taha Ali,taha ali,6,0.1667,1.0,1.1667,0.3333,0.1667
Sweden,Besfort Zeneli,besfort zeneli,16,0.375,0.5625,1.0,0.5,0.0
Sweden,Lucas Bergvall,lucas bergvall,28,0.8571,0.25,0.4286,0.1786,0.0714
Sweden,Elliot Stroud,elliot stroud,8,0.5,1.25,2.0,0.875,0.0
Sweden,Alexander Isak,alexander isak,16,0.3125,0.0625,1.0625,0.375,0.0
Sweden,Viktor Gyökeres,viktor gyokeres,36,0.9722,0.8611,1.5278,0.6111,0.1389
Sweden,Benjamin Nygren,benjamin nygren,38,0.9211,1.0789,2.4211,1.0,0.1053
Sweden,Anthony Elanga,anthony elanga,34,0.2353,0.7353,0.5,0.1176,0.0
Sweden,Alexander Bernhardsson,alexander bernhardsson,20,1.55,1.95,1.95,0.65,0.1
Switzerland,Yvon Mvogo,yvon mvogo,31,0.0,0.0,1.3871,0.0,0.0
Switzerland,Gregor Kobel,gregor kobel,34,0.0,0.0,1.0,0.0,0.0882
Switzerland,Marvin Keller,marvin keller,7,0.0,0.0,1.4286,0.0,0.1429
Switzerland,Ricardo Rodríguez,ricardo rodriguez,34,0.3235,0.1471,0.0882,0.0,0.0
Switzerland,Silvan Widmer,silvan widmer,32,0.4688,0.3438,0.625,0.125,0.1562
Switzerland,Nico Elvedi,nico elvedi,33,0.5455,0.4848,0.2727,0.0,0.1515
Switzerland,Manuel Akanji,manuel akanji,35,0.7429,0.5143,0.6571,0.1714,0.1143
Switzerland,Eray Cömert,eray comert,32,0.2812,0.4062,0.3438,0.0938,0.0938
Switzerland,Miro Muheim,miro muheim,29,1.3448,1.7241,0.7931,0.2414,0.2414
Switzerland,Aurèle Amenda,aurele amenda,31,0.7097,0.4194,0.3226,0.0645,0.1613
Switzerland,Luca Jaquez,luca jaquez,18,0.2222,0.1111,0.2222,0.0,0.0556
Switzerland,Granit Xhaka,granit xhaka,34,0.6765,1.2059,0.6176,0.1471,0.2353
Switzerland,Remo Freuler,remo freuler,32,0.5938,0.75,0.25,0.0312,0.1562
Switzerland,Djibril Sow,djibril sow,35,1.2,0.8286,0.5429,0.2286,0.1714
Switzerland,Denis Zakaria,denis zakaria,24,1.0833,0.2917,0.75,0.125,0.1667
Switzerland,Christian Fassnacht,christian fassnacht,6,0.6667,0.3333,2.6667,1.0,0.0
Switzerland,Michel Aebischer,michel aebischer,36,1.25,1.0556,0.5278,0.1389,0.2222
Switzerland,Rubén Vargas,ruben vargas,24,0.5417,0.7083,1.7083,0.3333,0.0833
Switzerland,Ardon Jashari,ardon jashari,30,0.3667,0.2667,0.2333,0.0667,0.0
Switzerland,Fabian Rieder,fabian rieder,32,1.4062,1.1875,1.1875,0.4062,0.125
Switzerland,Johan Manzambi,johan manzambi,28,0.7857,2.7857,1.8214,0.4286,0.1429
Switzerland,Breel Embolo,breel embolo,31,1.5484,1.871,1.3226,0.5484,0.0968
Switzerland,Cedric Itten,cedric itten,30,2.0333,1.0667,3.1,1.2333,0.1667
Switzerland,Noah Okafor,noah okafor,29,0.6207,0.4828,1.2069,0.5172,0.1034
Switzerland,Dan Ndoye,dan ndoye,29,0.5517,0.7586,0.5172,0.1379,0.0345
Switzerland,Zeki Amdouni,zeki amdouni,4,0.25,0.25,0.75,0.25,0.0
Tunisia,Sabri Ben Hessen,sabri ben hessen,1,0.0,0.0,0.0,0.0,0.0
Tunisia,Aymen Dahmen,aymen dahmen,6,0.0,0.0,1.6667,0.0,0.1667
Tunisia,Mouhib Chamakh,mouhib chamakh,1,0.0,0.0,5.0,0.0,0.0
Tunisia,Dylan Bronn,dylan bronn,7,0.7143,1.0,0.2857,0.1429,0.2857
Tunisia,Montassar Talbi,montassar talbi,29,0.2069,0.4138,0.4828,0.069,0.1034
Tunisia,Ali Abdi,ali abdi,24,0.9167,0.75,0.6667,0.1667,0.0833
Tunisia,Mohamed Amine Ben Hamida,mohamed amine ben hamida,10,0.9,0.8,0.0,0.0,0.0
Tunisia,Moutaz Neffati,moutaz neffati,27,1.3704,1.7407,0.7407,0.1481,0.2963
Tunisia,Adem Arous,adem arous,29,0.4138,0.4138,0.1379,0.0345,0.069
Tunisia,Raed Chikhaoui,raed chikhaoui,1,0.0,0.0,0.0,0.0,0.0
Tunisia,Rani Khedira,rani khedira,32,1.625,0.5625,0.7188,0.3125,0.2188
Tunisia,Ellyes Skhiri,ellyes skhiri,30,0.3667,0.4333,0.2667,0.0,0.0333
Tunisia,Mortadha Ben Ouanes,mortadha ben ouanes,28,1.4286,2.0714,0.8571,0.1429,0.2143
Tunisia,Mohamed Hadj Mahmoud,mohamed hadj mahmoud,7,1.5714,1.0,1.1429,0.0,0.1429
Tunisia,Hannibal Mejbri,hannibal mejbri,29,0.8276,1.6207,0.6552,0.1724,0.3448
Tunisia,Anis Slimane,anis slimane,28,0.5714,0.25,0.8929,0.6429,0.1429
Tunisia,Elias Achouri,elias achouri,22,0.7273,1.4091,1.5,0.4545,0.0909
Tunisia,Firas Chaouat,firas chaouat,5,0.0,0.0,0.2,0.2,0.0
Tunisia,Sebastian Tounekti,sebastian tounekti,29,0.6897,0.6552,1.1724,0.2759,0.1034
Tunisia,Ismaël Gharbi,ismael gharbi,21,0.0952,0.381,0.1429,0.0,0.0
Tunisia,Elias Saad,elias saad,14,1.0714,0.9286,1.1429,0.3571,0.0714
Tunisia,Khalil Ayari,khalil ayari,1,0.0,0.0,0.0,0.0,0.0
Tunisia,Rayan Elloumi,rayan elloumi,14,0.3571,0.3571,0.1429,0.1429,0.0
Türkiye,Mert Günok,mert gunok,18,0.0,0.0,0.4444,0.0,0.0
Türkiye,Ugurcan Çakir,ugurcan cakir,26,0.0,0.0,0.8077,0.0,0.1538
Türkiye,Altay Bayindir,altay bayindir,38,0.0,0.0,0.2895,0.0,0.0
Türkiye,Kaan Ayhan,kaan ayhan,30,0.2,0.1333,0.2,0.0333,0.0333
Türkiye,Abdülkerim Bardakçi,abdulkerim bardakci,31,0.6129,0.6452,0.7742,0.1613,0.1613
Türkiye,Çaglar Söyüncü,caglar soyuncu,25,0.6,0.32,0.08,0.0,0.0
Türkiye,Ferdi Kadioglu,ferdi kadioglu,38,0.5789,0.9474,0.7368,0.3421,0.1579
Türkiye,Mert Müldür,mert muldur,32,0.1875,0.625,0.3438,0.0625,0.125
Türkiye,Merih Demiral,merih demiral,20,1.25,0.35,0.7,0.25,0.25
Türkiye,Zeki Çelik,zeki celik,35,1.0,0.5143,0.6286,0.1143,0.0571
Türkiye,Eren Elmali,eren elmali,28,0.5714,0.5357,0.5,0.2143,0.1071
Türkiye,Samet Akaydin,samet akaydin,29,1.5862,0.8276,0.5862,0.2414,0.3103
Türkiye,Hakan Çalhanoglu,hakan calhanoglu,27,1.037,0.4074,1.8519,0.6296,0.2593
Türkiye,Irfan Can Kahveci,irfan can kahveci,17,1.5294,1.5294,1.2941,0.4706,0.2941
Türkiye,Salih Özcan,salih ozcan,29,0.0345,0.0345,0.0345,0.0,0.0
Türkiye,Orkun Kökçü,orkun kokcu,30,0.7667,1.7333,2.9667,1.0667,0.1667
Türkiye,Ismail Yüksek,ismail yuksek,32,1.2188,1.0625,1.0,0.25,0.1562
Türkiye,Arda Güler,arda guler,33,0.6364,0.9697,1.4848,0.5758,0.0303
Türkiye,Can Uzun,can uzun,23,0.6522,1.1304,1.7826,0.8261,0.1304
Türkiye,Yunus Akgün,yunus akgun,30,0.5333,0.6667,1.3667,0.3667,0.0333
Türkiye,Kerem Aktürkoglu,kerem akturkoglu,30,0.5,1.2667,1.4667,0.7333,0.1
Türkiye,Baris Alper Yilmaz,baris alper yilmaz,30,1.6,1.6667,1.8333,0.8,0.2333
Türkiye,Kenan Yildiz,kenan yildiz,37,0.6216,1.5135,2.6216,1.0811,0.0541
United States,Matt Freese,matt freese,15,0.0,0.0,1.4,0.0,0.0
United States,Chris Brady,chris brady,14,0.0,0.0714,1.1429,0.0,0.0714
United States,Matt Turner,matt turner,14,0.0,0.0,1.2857,0.0,0.0714
United States,Mark McKenzie,mark mckenzie,29,1.2069,0.4138,0.2069,0.0345,0.2414
United States,Tim Ream,tim ream,11,0.4545,0.5455,0.0909,0.0,0.0
United States,Antonee Robinson,antonee robinson,27,0.5556,0.3333,0.2222,0.037,0.1852
United States,Auston Trusty,auston trusty,28,0.6071,0.3929,0.4643,0.0714,0.1429
United States,Alex Freeman,alex freeman,18,0.1111,0.1667,0.0556,0.0,0.0
United States,Miles Robinson,miles robinson,9,1.0,0.2222,0.3333,0.2222,0.1111
United States,Sergiño Dest,sergino dest,27,0.6296,1.3333,0.5185,0.1852,0.1852
United States,Joe Scally,joe scally,33,1.0,1.5455,0.4848,0.303,0.2424
United States,Chris Richards,chris richards,34,0.5294,0.1471,0.4412,0.0588,0.1176
United States,Cristian Roldan,cristian roldan,12,0.6667,0.8333,1.3333,0.4167,0.0833
United States,Tyler Adams,tyler adams,26,1.3462,0.5,0.3846,0.2308,0.3077
United States,Christian Pulisic,christian pulisic,31,0.3548,0.7419,1.7419,0.8065,0.0
United States,Weston McKennie,weston mckennie,37,1.1892,0.2973,1.1622,0.4324,0.1351
United States,Brenden Aaronson,brenden aaronson,38,0.5263,1.3421,1.2368,0.4474,0.0789
United States,Giovanni Reyna,giovanni reyna,25,0.2,0.4,0.28,0.08,0.04
United States,Sebastian Berhalter,sebastian berhalter,14,2.1429,1.5,2.4286,0.6429,0.2143
United States,Malik Tillman,malik tillman,29,0.6207,1.0,1.1724,0.4483,0.069
United States,Max Arfsten,max arfsten,15,1.0,1.1333,1.2667,0.5333,0.1333
United States,Haji Wright,haji wright,42,0.7381,0.619,2.3333,0.881,0.0952
United States,Timothy Weah,timothy weah,30,1.0667,0.6,0.9667,0.3333,0.1667
United States,Folarin Balogun,folarin balogun,31,1.3871,1.1935,2.4839,1.0323,0.129
United States,Ricardo Pepi,ricardo pepi,26,0.4231,0.4231,2.3462,1.2308,0.0385
Uruguay,Fernando Muslera,fernando muslera,13,0.0,0.0,0.4615,0.0,0.0769
Uruguay,Sergio Rochet,sergio rochet,12,0.0,0.0,0.9167,0.0,0.0833
Uruguay,Guillermo Varela,guillermo varela,14,0.4286,0.7143,0.2857,0.0,0.2143
Uruguay,José María Giménez,jose maria gimenez,20,1.0,0.5,0.65,0.15,0.2
Uruguay,Mathías Olivera,mathias olivera,35,0.4857,0.2857,0.2286,0.0857,0.0857
Uruguay,Santiago Bueno,santiago bueno,37,0.8108,0.2973,0.2703,0.1892,0.1081
Uruguay,Joaquín Piquerez,joaquin piquerez,8,0.375,1.0,0.625,0.25,0.0
Uruguay,Matías Viña,matias vina,18,0.4444,0.4444,0.3333,0.0556,0.2778
Uruguay,Ronald Araújo,ronald araujo,32,0.5312,0.0938,0.375,0.1562,0.0625
Uruguay,Emiliano Martínez,emiliano martinez,16,0.0625,0.125,0.1875,0.0625,0.0625
Uruguay,Giorgian de Arrascaeta,giorgian de arrascaeta,11,0.4545,1.0909,2.3636,0.8182,0.0909
Uruguay,Rodrigo Bentancur,rodrigo bentancur,27,0.7037,0.2963,0.4815,0.1111,0.2593
Uruguay,Federico Valverde,federico valverde,33,0.5455,0.4242,1.5455,0.6667,0.0909
Uruguay,Manuel Ugarte,manuel ugarte,37,0.6486,0.4054,0.3514,0.027,0.027
Uruguay,Nicolás de la Cruz,nicolas de la cruz,12,0.6667,1.0833,0.3333,0.0,0.1667
Uruguay,Maxi Araújo,maxi araujo,29,1.5517,2.0,1.3448,0.5517,0.3103
Uruguay,Rodrigo Zalazar,rodrigo zalazar,29,0.6207,1.6897,2.3448,0.931,0.2069
Uruguay,Juan Manuel Sanabria,juan manuel sanabria,11,0.7273,0.5455,1.0909,0.2727,0.1818
Uruguay,Facundo Pellistri,facundo pellistri,10,1.0,0.9,0.5,0.3,0.0
Uruguay,Agustín Canobbio,agustin canobbio,12,1.4167,1.4167,1.5833,0.75,0.25
Uruguay,Darwin Núñez,darwin nunez,16,1.0,1.0,2.6875,1.4375,0.0
Uruguay,Federico Viñas,federico vinas,33,1.3939,2.0909,1.7273,0.6364,0.1515
Uzbekistan,Botirali Ergashev,botirali ergashev,6,0.0,0.1667,2.5,0.0,0.0
Uzbekistan,Utkir Yusupov,utkir yusupov,8,0.0,0.0,0.875,0.0,0.0
Uzbekistan,Abduvohid Nematov,abduvohid nematov,8,0.0,0.0,1.625,0.0,0.0
Uzbekistan,Rustam Ashurmatov,rustam ashurmatov,7,0.8571,0.1429,0.5714,0.0,0.1429
Uzbekistan,Umar Eshmurodov,umar eshmurodov,7,0.4286,0.1429,0.2857,0.0,0.1429
Uzbekistan,Khojiakbar Alijonov,khojiakbar alijonov,8,1.125,0.625,1.875,0.5,0.125
Uzbekistan,Avazbek Ulmasaliyev,avazbek ulmasaliyev,6,0.0,0.0,0.0,0.0,0.0
Uzbekistan,Sherzod Nasrullaev,sherzod nasrullaev,6,1.0,0.1667,0.6667,0.0,0.1667
Uzbekistan,Abdukodir Khusanov,abdukodir khusanov,30,0.4667,0.2,0.2333,0.0333,0.0667
Uzbekistan,Jamshid Iskanderov,jamshid iskanderov,8,0.375,0.625,1.5,0.25,0.0
Uzbekistan,Odiljon Xamrobekov,odiljon xamrobekov,9,0.8889,0.1111,0.1111,0.0,0.2222
Uzbekistan,Dostonbek Khamdamov,dostonbek khamdamov,9,0.8889,0.4444,0.8889,0.1111,0.2222
Uzbekistan,Otabek Shukurov,otabek shukurov,28,1.25,0.75,0.8929,0.1786,0.3571
Uzbekistan,Abbosbek Fayzullaev,abbosbek fayzullaev,22,0.9545,0.8636,1.3182,0.5455,0.1818
Uzbekistan,Abdulla Abdullaev,abdulla abdullaev,10,0.6,0.2,0.1,0.0,0.2
Uzbekistan,Igor Sergeev,igor sergeev,4,0.75,0.25,0.25,0.0,0.0
Uzbekistan,Eldor Shomurodov,eldor shomurodov,34,0.6176,0.5294,2.7941,1.4118,0.0
Uzbekistan,Azizbek Amonov,azizbek amonov,3,0.0,0.0,0.0,0.0,0.0
