team,year,q,n_players
Afghanistan,2012,5.301,1
Albania,2012,7.4216,23
Algeria,2012,7.7585,23
Angola,2012,7.1688,18
Antigua and Barbuda,2012,6.1139,3
Argentina,2012,8.7038,23
Armenia,2012,7.1688,17
Aruba,2012,6.0792,5
Australia,2012,7.4564,23
Austria,2012,7.8876,23
Azerbaijan,2012,6.4023,9
Barbados,2012,6.3222,2
Belarus,2012,7.48,23
Belgium,2012,8.4109,23
Benin,2012,7.2034,7
Bermuda,2012,5.1761,1
Bolivia,2012,6.2788,2
Bosnia and Herzegovina,2012,8.0116,23
Brazil,2012,8.6995,23
Bulgaria,2012,7.6772,23
Burkina Faso,2012,7.4179,15
Burundi,2012,6.9165,5
Cameroon,2012,8.2117,23
Canada,2012,7.2387,13
Cape Verde,2012,7.2021,19
Central African Republic,2012,6.8293,8
Chad,2012,5.8451,1
Chile,2012,8.1202,23
China,2012,6.0969,5
Chinese Taipei,2012,6.0414,1
Colombia,2012,8.1511,23
Comoros,2012,6.9469,8
Congo,2012,7.3979,16
Costa Rica,2012,7.465,21
Ivory Coast,2012,8.2825,23
Croatia,2012,8.2507,23
Cuba,2012,5.5441,1
Curaçao,2012,7.0473,14
Cyprus,2012,6.7597,9
Czech Republic,2012,8.0603,23
DR Congo,2012,7.6253,23
Denmark,2012,7.985,23
Dominican Republic,2012,5.8451,1
Ecuador,2012,7.6735,7
Egypt,2012,7.266,23
El Salvador,2012,5.5441,2
England,2012,8.6694,23
Equatorial Guinea,2012,6.7634,6
Eritrea,2012,6.0414,1
Estonia,2012,6.8949,13
Ethiopia,2012,5.4393,2
Faroe Islands,2012,6.0792,3
Finland,2012,7.4706,23
France,2012,8.6118,23
French Guiana,2012,6.9243,6
Gabon,2012,7.2343,10
Georgia,2012,7.4409,23
Germany,2012,8.6912,23
Ghana,2012,8.1217,23
Greece,2012,7.9678,23
Grenada,2012,6.1303,2
Guadeloupe,2012,6.9638,14
Guatemala,2012,5.3979,1
Guinea,2012,7.451,23
Guinea-Bissau,2012,6.8837,13
Guyana,2012,6.3892,2
Haiti,2012,6.8096,8
Honduras,2012,7.2672,6
Hungary,2012,7.736,23
Iceland,2012,7.5257,23
India,2012,5.301,1
Indonesia,2012,6.3222,1
Iran,2012,6.9578,10
Iraq,2012,6.3424,3
Ireland,2012,7.9872,23
Israel,2012,7.7046,23
Italy,2012,8.5695,23
Jamaica,2012,7.1644,14
Japan,2012,7.9096,23
Jordan,2012,5.5441,1
Kazakhstan,2012,6.5441,7
Kenya,2012,7.1189,5
South Korea,2012,7.638,17
Kosovo,2012,6.7384,11
Laos,2012,5.6021,1
Latvia,2012,6.9602,12
Lebanon,2012,5.6021,1
Liberia,2012,6.7076,5
Libya,2012,6.6128,1
Liechtenstein,2012,6.1303,3
Lithuania,2012,7.1797,17
Luxembourg,2012,5.6532,2
Madagascar,2012,6.6385,5
Malawi,2012,5.301,1
Malaysia,2012,6.0,1
Mali,2012,7.7604,23
Malta,2012,6.0107,2
Martinique,2012,7.5617,17
Mauritania,2012,6.0414,2
Mauritius,2012,6.0414,1
Mexico,2012,7.8777,23
Moldova,2012,6.9626,12
Montenegro,2012,7.8814,23
Montserrat,2012,5.243,1
Morocco,2012,8.0609,23
Mozambique,2012,6.7853,3
Netherlands,2012,8.4794,23
Neukaledonien,2012,6.3522,2
New Zealand,2012,6.7559,10
Niger,2012,6.243,3
Nigeria,2012,8.099,23
North Macedonia,2012,7.4878,23
Northern Ireland,2012,7.639,23
Norway,2012,7.8357,23
Oman,2012,6.7076,1
Pakistan,2012,5.6021,1
Palestine,2012,6.273,3
Panama,2012,5.699,1
Paraguay,2012,7.8325,22
Peru,2012,7.7048,14
Philippines,2012,6.4586,5
Poland,2012,7.98,23
Portugal,2012,8.5857,23
Qatar,2012,6.4624,3
Romania,2012,7.8591,23
Russia,2012,8.2885,23
Rwanda,2012,5.9777,2
Réunion,2012,5.9542,1
Saint-Martin,2012,6.2304,2
Sao Tome and Principe,2012,6.1139,2
Saudi Arabia,2012,5.7404,3
Scotland,2012,8.0247,23
Senegal,2012,8.0962,23
Serbia,2012,8.2801,23
Seychelles,2012,6.3711,1
Sierra Leone,2012,7.0986,8
Slovakia,2012,7.972,23
Slovenia,2012,7.6284,23
South Africa,2012,7.2867,21
Spain,2012,8.8525,23
St. Lucia,2012,5.243,1
Suriname,2012,7.1295,17
Sweden,2012,8.1342,23
Switzerland,2012,8.1307,23
Syria,2012,6.3473,2
Tahiti,2012,5.8451,1
Tajikistan,2012,5.8603,4
Tanzania,2012,5.4771,1
The Gambia,2012,6.4983,8
Togo,2012,7.6133,15
Trinidad and Tobago,2012,6.9614,3
Tunisia,2012,7.659,23
Turkey,2012,8.2294,23
Turkmenistan,2012,5.243,1
Türkiye,2012,7.7376,23
Uganda,2012,5.9661,3
Ukraine,2012,8.063,23
United Arab Emirates,2012,5.3979,1
United States,2012,7.8531,23
Uruguay,2012,8.2956,23
Uzbekistan,2012,6.9912,6
Venezuela,2012,7.7131,23
Wales,2012,7.9961,23
Zambia,2012,6.8751,6
Zimbabwe,2012,6.6698,8
Afghanistan,2013,5.6532,1
Albania,2013,7.4087,23
Algeria,2013,7.8179,23
Angola,2013,7.3775,23
Antigua and Barbuda,2013,6.224,3
Argentina,2013,8.7353,23
Armenia,2013,7.5664,23
Aruba,2013,6.301,4
Australia,2013,7.4921,23
Austria,2013,7.9967,23
Azerbaijan,2013,6.5855,14
Barbados,2013,6.415,2
Belarus,2013,7.4935,23
Belgium,2013,8.531,23
Benin,2013,7.1319,11
Bermuda,2013,5.3979,1
Bolivia,2013,6.5185,3
Bosnia and Herzegovina,2013,8.0199,23
Brazil,2013,8.7416,23
Bulgaria,2013,7.6355,23
Burkina Faso,2013,7.4959,23
Burundi,2013,6.8976,5
Cameroon,2013,8.2017,23
Canada,2013,7.2559,16
Cape Verde,2013,7.382,23
Central African Republic,2013,6.9395,9
Chad,2013,6.0969,2
Chile,2013,8.1569,23
China,2013,6.2956,8
Chinese Taipei,2013,5.9031,1
Colombia,2013,8.3029,23
Comoros,2013,7.0294,9
Congo,2013,7.4281,17
Costa Rica,2013,7.5623,22
Ivory Coast,2013,8.2727,23
Croatia,2013,8.2785,23
Cuba,2013,5.4393,1
Curaçao,2013,7.2437,22
Cyprus,2013,6.9685,9
Czech Republic,2013,8.0481,23
DR Congo,2013,7.7189,23
Denmark,2013,8.0556,23
Dominican Republic,2013,5.6767,1
Ecuador,2013,7.6772,9
Egypt,2013,7.3683,23
El Salvador,2013,5.9165,3
England,2013,8.646,23
Equatorial Guinea,2013,7.0934,7
Eritrea,2013,6.0414,1
Estonia,2013,6.8633,12
Ethiopia,2013,5.9031,2
Faroe Islands,2013,6.07,8
Finland,2013,7.5694,23
France,2013,8.6118,23
French Guiana,2013,6.8325,6
Gabon,2013,7.4354,14
Georgia,2013,7.4676,23
Germany,2013,8.7635,23
Ghana,2013,8.0783,23
Greece,2013,7.985,23
Grenada,2013,5.699,2
Guadeloupe,2013,7.1861,17
Guatemala,2013,6.0212,2
Guinea,2013,7.5224,23
Guinea-Bissau,2013,7.1775,18
Guyana,2013,6.29,3
Haiti,2013,6.8129,8
Honduras,2013,7.1732,8
Hungary,2013,7.6753,23
Iceland,2013,7.5593,23
Indonesia,2013,6.5051,4
Iran,2013,7.0414,17
Iraq,2013,6.4232,2
Ireland,2013,7.945,23
Israel,2013,7.6604,23
Italy,2013,8.5994,23
Jamaica,2013,7.3064,18
Japan,2013,8.0168,23
Jordan,2013,5.6532,1
Kazakhstan,2013,6.6459,11
Kenya,2013,7.0899,4
South Korea,2013,7.6656,18
Kosovo,2013,7.0334,16
Kyrgyzstan,2013,5.1761,1
Laos,2013,5.6021,1
Latvia,2013,7.1214,13
Lebanon,2013,5.8451,2
Liberia,2013,6.6128,6
Libya,2013,6.5017,2
Liechtenstein,2013,6.0792,3
Lithuania,2013,7.1239,20
Luxembourg,2013,6.3424,4
Madagascar,2013,6.7404,7
Malaysia,2013,6.0,1
Mali,2013,7.6826,23
Malta,2013,6.0414,3
Martinique,2013,7.4253,20
Mauritania,2013,6.2304,4
Mauritius,2013,6.3222,1
Mexico,2013,7.9832,23
Moldova,2013,6.9879,13
Montenegro,2013,7.9598,23
Montserrat,2013,5.4393,1
Morocco,2013,8.0993,23
Mozambique,2013,6.5682,4
Netherlands,2013,8.4431,23
Neukaledonien,2013,6.4393,2
New Zealand,2013,7.0463,10
Niger,2013,6.1139,3
Nigeria,2013,8.1222,23
North Macedonia,2013,7.4541,23
Northern Ireland,2013,7.6425,23
Norway,2013,7.7938,23
Oman,2013,6.7076,1
Pakistan,2013,5.699,1
Palestine,2013,6.3802,3
Panama,2013,6.0414,3
Papua New Guinea,2013,5.301,1
Paraguay,2013,7.7915,23
Peru,2013,7.608,18
Philippines,2013,6.4472,6
Poland,2013,8.0929,23
Portugal,2013,8.566,23
Qatar,2013,6.842,5
Romania,2013,7.841,23
Russia,2013,8.3393,23
Rwanda,2013,6.1614,2
Réunion,2013,5.8451,1
Saint-Martin,2013,6.0792,2
Sao Tome and Principe,2013,6.301,2
Saudi Arabia,2013,6.0969,4
Scotland,2013,8.0496,23
Senegal,2013,8.1587,23
Serbia,2013,8.2646,23
Seychelles,2013,6.415,1
Sierra Leone,2013,7.143,11
Slovakia,2013,8.0356,23
Slovenia,2013,7.6294,23
South Africa,2013,7.3608,23
Spain,2013,8.8544,23
St. Lucia,2013,5.1761,1
Suriname,2013,7.2424,22
Sweden,2013,8.1131,23
Switzerland,2013,8.1688,23
Syria,2013,6.3473,2
Tahiti,2013,5.699,1
Tajikistan,2013,5.9031,4
Tanzania,2013,5.7782,1
Thailand,2013,5.0969,1
The Gambia,2013,6.6075,9
Togo,2013,7.5119,16
Trinidad and Tobago,2013,6.9269,4
Tunisia,2013,7.6493,23
Turkey,2013,8.1906,23
Turkmenistan,2013,5.3979,1
Türkiye,2013,7.8791,23
Uganda,2013,6.1139,3
Ukraine,2013,8.0722,23
United Arab Emirates,2013,5.3979,1
United States,2013,7.8463,23
Uruguay,2013,8.3636,23
Uzbekistan,2013,7.0118,7
Venezuela,2013,7.7126,23
Wales,2013,8.0515,23
Zambia,2013,6.842,7
Zimbabwe,2013,6.641,7
Afghanistan,2014,5.699,2
Albania,2014,7.4545,23
Algeria,2014,7.9133,23
Angola,2014,7.4125,23
Antigua and Barbuda,2014,6.2175,4
Argentina,2014,8.7186,23
Armenia,2014,7.7099,23
Aruba,2014,6.3424,5
Australia,2014,7.4728,23
Austria,2014,7.9956,23
Azerbaijan,2014,6.5441,14
Barbados,2014,6.301,2
Belarus,2014,7.5024,23
Belgium,2014,8.5945,23
Benin,2014,7.0899,14
Bermuda,2014,6.2041,1
Bolivia,2014,6.1461,2
Bosnia and Herzegovina,2014,8.0665,23
Brazil,2014,8.7735,23
Bulgaria,2014,7.6191,23
Burkina Faso,2014,7.4969,23
Burundi,2014,6.9191,6
Cameroon,2014,8.1242,23
Canada,2014,7.1945,15
Cape Verde,2014,7.3856,23
Central African Republic,2014,7.3191,10
Chad,2014,6.2304,2
Chile,2014,8.1901,23
China,2014,6.525,11
Chinese Taipei,2014,5.9777,1
Colombia,2014,8.4589,23
Comoros,2014,7.0512,10
Congo,2014,7.3757,16
Costa Rica,2014,7.5755,23
Ivory Coast,2014,8.2324,23
Croatia,2014,8.3302,23
Cuba,2014,5.301,1
Curaçao,2014,7.316,23
Cyprus,2014,6.9731,12
Czech Republic,2014,7.9965,23
DR Congo,2014,7.8341,23
Denmark,2014,8.037,23
Dominican Republic,2014,5.9031,3
Ecuador,2014,7.6566,15
Egypt,2014,7.5302,23
El Salvador,2014,5.9294,3
England,2014,8.6192,23
Equatorial Guinea,2014,7.1599,7
Eritrea,2014,6.1139,2
Estonia,2014,6.9358,14
Ethiopia,2014,5.9542,2
Faroe Islands,2014,6.0792,9
Finland,2014,7.5838,23
France,2014,8.6717,23
French Guiana,2014,6.752,5
Gabon,2014,7.5434,17
Georgia,2014,7.4586,23
Germany,2014,8.8242,23
Ghana,2014,8.0386,23
Greece,2014,8.0111,23
Grenada,2014,5.699,2
Guadeloupe,2014,7.1732,21
Guatemala,2014,6.0414,2
Guinea,2014,7.5004,23
Guinea-Bissau,2014,7.281,23
Guyana,2014,6.1139,2
Haiti,2014,6.9708,8
Honduras,2014,7.1804,10
Hungary,2014,7.658,23
Iceland,2014,7.6314,23
Indonesia,2014,6.6154,6
Iran,2014,7.1945,23
Iraq,2014,6.6675,4
Ireland,2014,7.9465,23
Israel,2014,7.5472,23
Italy,2014,8.6097,23
Jamaica,2014,7.3909,22
Japan,2014,8.0139,23
Jordan,2014,5.7782,1
Kazakhstan,2014,6.6335,11
Kenya,2014,7.2742,4
South Korea,2014,7.6776,23
Kosovo,2014,7.0899,20
Kyrgyzstan,2014,5.4771,1
Laos,2014,5.9294,1
Latvia,2014,6.9673,13
Lebanon,2014,5.9031,3
Liberia,2014,6.5563,8
Libya,2014,6.1761,2
Liechtenstein,2014,6.1139,3
Lithuania,2014,7.0394,22
Luxembourg,2014,6.4314,5
Madagascar,2014,6.8079,8
Malaysia,2014,6.0,1
Mali,2014,7.5804,23
Malta,2014,5.6767,2
Martinique,2014,7.3541,20
Mauritania,2014,6.2788,4
Mauritius,2014,6.4914,1
Mexico,2014,8.0527,23
Moldova,2014,6.9811,15
Montenegro,2014,7.8785,23
Montserrat,2014,6.0414,2
Morocco,2014,8.071,23
Mozambique,2014,6.7578,7
Netherlands,2014,8.4176,23
Neukaledonien,2014,6.4771,2
New Zealand,2014,7.0128,9
Niger,2014,6.3222,1
Nigeria,2014,8.1222,23
North Macedonia,2014,7.4014,23
Northern Ireland,2014,7.6026,23
Norway,2014,7.7097,23
Oman,2014,6.2788,1
Pakistan,2014,5.4771,1
Palestine,2014,6.1903,3
Panama,2014,6.1614,4
Papua New Guinea,2014,5.3979,1
Paraguay,2014,7.8627,23
Peru,2014,7.6889,23
Philippines,2014,6.3802,7
Poland,2014,8.1937,23
Portugal,2014,8.5249,23
Qatar,2014,6.8028,5
Romania,2014,7.9001,23
Russia,2014,8.3426,23
Rwanda,2014,6.3711,3
Réunion,2014,5.7782,1
Saint-Martin,2014,5.9294,2
Sao Tome and Principe,2014,6.5185,3
Saudi Arabia,2014,6.3802,5
Scotland,2014,7.9621,23
Senegal,2014,8.1639,23
Serbia,2014,8.2903,23
Seychelles,2014,6.0414,1
Sierra Leone,2014,7.096,10
Slovakia,2014,8.0249,23
Slovenia,2014,7.7284,23
South Africa,2014,7.4326,23
Spain,2014,8.8604,23
Saint Kitts and Nevis,2014,5.3979,1
St. Lucia,2014,5.1761,1
Suriname,2014,7.433,23
Sweden,2014,8.0945,23
Switzerland,2014,8.2801,23
Syria,2014,6.5769,3
Tahiti,2014,5.699,1
Tajikistan,2014,6.0792,4
Thailand,2014,5.699,2
The Gambia,2014,6.7344,12
Togo,2014,7.3962,21
Trinidad and Tobago,2014,6.9058,4
Tunisia,2014,7.6551,23
Turkey,2014,8.2152,23
Turkmenistan,2014,5.4771,1
Türkiye,2014,8.0075,23
Uganda,2014,6.3847,6
Ukraine,2014,8.1323,23
United States,2014,7.827,23
Uruguay,2014,8.3777,23
Uzbekistan,2014,7.0588,9
Venezuela,2014,7.7059,23
Wales,2014,8.2195,23
Zambia,2014,6.8573,6
Zimbabwe,2014,6.5911,9
Afghanistan,2015,5.7404,2
Albania,2015,7.4973,23
Algeria,2015,8.0226,23
Angola,2015,7.4281,23
Antigua and Barbuda,2015,6.1973,4
Argentina,2015,8.7939,23
Armenia,2015,7.6594,23
Aruba,2015,6.3324,5
Australia,2015,7.5557,23
Austria,2015,8.0711,23
Azerbaijan,2015,6.7462,16
Barbados,2015,6.1903,2
Belarus,2015,7.4639,23
Belgium,2015,8.6244,23
Benin,2015,7.1732,13
Bermuda,2015,6.2041,1
Bolivia,2015,6.2109,4
Bonaire,2015,5.243,1
Bosnia and Herzegovina,2015,8.1319,23
Brazil,2015,8.8015,23
Bulgaria,2015,7.6335,23
Burkina Faso,2015,7.5021,23
Burundi,2015,7.2279,7
Cameroon,2015,8.1031,23
Canada,2015,7.2007,22
Cape Verde,2015,7.5179,23
Central African Republic,2015,7.2978,11
Chad,2015,6.2041,2
Chile,2015,8.2673,23
China,2015,6.6675,11
Chinese Taipei,2015,5.9031,1
Colombia,2015,8.5053,23
Comoros,2015,7.0273,10
Congo,2015,7.3971,20
Costa Rica,2015,7.652,23
Ivory Coast,2015,8.2118,23
Croatia,2015,8.419,23
Cuba,2015,5.301,1
Curaçao,2015,7.4087,23
Cyprus,2015,7.1072,18
Czech Republic,2015,7.9157,23
DR Congo,2015,7.942,23
Denmark,2015,8.0354,23
Dominican Republic,2015,5.8893,3
Ecuador,2015,7.7037,19
Egypt,2015,7.5894,23
El Salvador,2015,6.1761,3
England,2015,8.6509,23
Equatorial Guinea,2015,7.1569,7
Eritrea,2015,6.0969,2
Estonia,2015,6.8543,15
Ethiopia,2015,6.0414,2
Faroe Islands,2015,6.0969,9
Finland,2015,7.6117,23
France,2015,8.7202,23
French Guiana,2015,6.716,5
Gabon,2015,7.6004,19
Georgia,2015,7.4601,23
Germany,2015,8.8281,23
Ghana,2015,8.0835,23
Greece,2015,8.0477,23
Grenada,2015,5.699,2
Guadeloupe,2015,7.2999,21
Guatemala,2015,6.2175,3
Guinea,2015,7.5888,23
Guinea-Bissau,2015,7.356,23
Guyana,2015,6.1761,2
Haiti,2015,7.017,11
Honduras,2015,7.1861,10
Hungary,2015,7.6304,23
Iceland,2015,7.6449,23
Indonesia,2015,6.6946,9
Iran,2015,7.2861,23
Iraq,2015,6.688,8
Ireland,2015,7.9595,23
Israel,2015,7.6853,23
Italy,2015,8.5776,23
Jamaica,2015,7.485,23
Japan,2015,7.9673,23
Jordan,2015,5.699,1
Kazakhstan,2015,6.6128,10
Kenya,2015,7.2455,6
South Korea,2015,7.7056,20
Kosovo,2015,7.2619,23
Kyrgyzstan,2015,5.4771,1
Laos,2015,5.9542,1
Latvia,2015,6.923,14
Lebanon,2015,6.0212,4
Liberia,2015,6.7462,9
Libya,2015,6.0414,1
Liechtenstein,2015,6.1139,3
Lithuania,2015,7.0765,22
Luxembourg,2015,6.618,12
Madagascar,2015,6.9845,11
Malawi,2015,5.301,1
Malaysia,2015,5.9294,2
Mali,2015,7.6112,23
Malta,2015,6.0212,2
Martinique,2015,7.3757,21
Mauritania,2015,6.5911,8
Mauritius,2015,6.415,1
Mexico,2015,8.099,23
Moldova,2015,7.0719,19
Montenegro,2015,7.8126,23
Montserrat,2015,5.9542,2
Morocco,2015,8.1009,23
Mozambique,2015,6.9912,7
Netherlands,2015,8.4633,23
Neukaledonien,2015,6.5119,2
New Caledonia,2015,5.5441,1
New Zealand,2015,7.1666,9
Niger,2015,6.5315,3
Nigeria,2015,8.0554,23
North Macedonia,2015,7.2822,23
Northern Ireland,2015,7.5391,23
Norway,2015,7.7308,23
Oman,2015,5.7782,1
Pakistan,2015,5.301,1
Palestine,2015,6.0881,2
Panama,2015,6.0792,6
Papua New Guinea,2015,5.6021,1
Paraguay,2015,7.8913,23
Peru,2015,7.6582,23
Philippines,2015,6.3274,7
Poland,2015,8.2103,23
Portugal,2015,8.5579,23
Qatar,2015,6.9445,6
Romania,2015,7.9199,23
Russia,2015,8.3347,23
Rwanda,2015,6.3711,3
Réunion,2015,5.7404,1
Saint-Martin,2015,5.7782,2
Sao Tome and Principe,2015,6.4771,3
Saudi Arabia,2015,6.29,6
Scotland,2015,7.9816,23
Senegal,2015,8.2307,23
Serbia,2015,8.3066,23
Seychelles,2015,6.2041,1
Sierra Leone,2015,7.1239,14
Slovakia,2015,7.9621,23
Slovenia,2015,7.7593,23
Somalia,2015,5.0969,1
South Africa,2015,7.4389,23
Spain,2015,8.8592,23
Saint Kitts and Nevis,2015,5.4771,1
St. Lucia,2015,5.1761,1
Suriname,2015,7.5099,23
Sweden,2015,8.0465,23
Switzerland,2015,8.2604,23
Syria,2015,6.5623,3
Tajikistan,2015,5.9542,3
Thailand,2015,6.1614,2
The Gambia,2015,6.7653,17
Togo,2015,7.3738,20
Trinidad and Tobago,2015,6.7818,5
Tunisia,2015,7.6906,23
Turkey,2015,8.2395,23
Turkmenistan,2015,5.301,1
Türkiye,2015,8.1477,23
Uganda,2015,6.5563,8
Ukraine,2015,8.1007,23
United Arab Emirates,2015,5.6532,1
United States,2015,7.7672,23
Uruguay,2015,8.4129,23
Uzbekistan,2015,7.2082,8
Venezuela,2015,7.6933,23
Wales,2015,8.2307,23
Zambia,2015,6.8949,8
Zimbabwe,2015,6.5855,11
Afghanistan,2016,5.8129,2
Albania,2016,7.6207,23
Algeria,2016,8.1587,23
Angola,2016,7.5781,23
Antigua and Barbuda,2016,5.8603,3
Argentina,2016,8.837,23
Armenia,2016,7.6792,23
Aruba,2016,6.3711,5
Australia,2016,7.5781,23
Austria,2016,8.1641,23
Azerbaijan,2016,6.7653,19
Barbados,2016,6.4472,2
Belarus,2016,7.3927,23
Belgium,2016,8.7094,23
Benin,2016,7.2765,15
Bermuda,2016,6.3222,1
Bolivia,2016,6.451,5
Bonaire,2016,5.243,1
Bosnia and Herzegovina,2016,8.1166,23
Brazil,2016,8.8183,23
Bulgaria,2016,7.5221,23
Burkina Faso,2016,7.5263,23
Burundi,2016,7.2516,6
Cameroon,2016,8.1245,23
Canada,2016,7.2048,23
Cape Verde,2016,7.4764,23
Central African Republic,2016,7.5014,11
Chad,2016,6.4472,3
Chile,2016,8.2778,23
China,2016,6.7384,13
Chinese Taipei,2016,5.699,2
Colombia,2016,8.4487,23
Comoros,2016,6.9191,10
Congo,2016,7.3149,23
Costa Rica,2016,7.7433,23
Ivory Coast,2016,8.2052,23
Croatia,2016,8.4936,23
Cuba,2016,5.3979,1
Curaçao,2016,7.6314,23
Cyprus,2016,7.0881,20
Czech Republic,2016,7.8885,23
DR Congo,2016,8.0622,23
Denmark,2016,8.0955,23
Dominican Republic,2016,5.9661,4
Ecuador,2016,7.6857,22
Egypt,2016,7.74,23
El Salvador,2016,6.0881,3
England,2016,8.7202,23
Equatorial Guinea,2016,7.1123,7
Eritrea,2016,6.273,3
Estonia,2016,6.8765,15
Ethiopia,2016,5.9031,2
Faroe Islands,2016,6.2672,11
Finland,2016,7.5863,23
France,2016,8.809,23
French Guiana,2016,6.6484,5
Gabon,2016,7.8673,22
Georgia,2016,7.4409,23
Germany,2016,8.8183,23
Ghana,2016,8.129,23
Greece,2016,8.104,23
Grenada,2016,5.5441,2
Guadeloupe,2016,7.3294,23
Guatemala,2016,6.2553,3
Guinea,2016,7.7482,23
Guinea-Bissau,2016,7.4141,23
Guyana,2016,6.0414,2
Haiti,2016,6.989,16
Honduras,2016,7.2055,13
Hungary,2016,7.4742,23
Iceland,2016,7.6689,23
Indonesia,2016,6.9191,9
Iran,2016,7.4065,23
Iraq,2016,6.679,9
Ireland,2016,7.9827,23
Israel,2016,7.667,23
Italy,2016,8.6295,23
Jamaica,2016,7.7206,23
Japan,2016,7.9547,23
Jordan,2016,5.699,1
Kazakhstan,2016,6.9004,14
Kenya,2016,7.2135,5
South Korea,2016,7.7709,21
Kosovo,2016,7.4456,23
Kyrgyzstan,2016,5.6021,1
Laos,2016,6.2041,1
Latvia,2016,6.7578,14
Lebanon,2016,6.1538,4
Liberia,2016,6.5653,8
Libya,2016,6.1903,3
Liechtenstein,2016,6.4232,3
Lithuania,2016,7.0097,23
Luxembourg,2016,6.636,11
Macao,2016,5.0969,1
Madagascar,2016,7.0334,13
Malawi,2016,5.3979,1
Malaysia,2016,6.1139,2
Mali,2016,7.6981,23
Malta,2016,6.1833,3
Martinique,2016,7.3527,23
Mauritania,2016,6.6335,8
Mauritius,2016,6.415,1
Mexico,2016,8.1694,23
Moldova,2016,7.0765,21
Monaco,2016,5.1761,1
Montenegro,2016,7.7076,23
Montserrat,2016,6.1303,2
Morocco,2016,8.0752,23
Mozambique,2016,6.9923,11
Netherlands,2016,8.4689,23
Neukaledonien,2016,6.4314,2
New Caledonia,2016,6.0414,1
New Zealand,2016,7.224,13
Niger,2016,6.415,4
Nigeria,2016,8.0708,23
North Macedonia,2016,7.2541,23
Northern Ireland,2016,7.6069,23
Norway,2016,7.7752,23
Oman,2016,5.7782,1
Pakistan,2016,5.3979,2
Palestine,2016,5.574,2
Panama,2016,6.3802,8
Papua New Guinea,2016,5.6021,1
Paraguay,2016,7.9297,23
Peru,2016,7.6276,23
Philippines,2016,6.3711,7
Poland,2016,8.3236,23
Portugal,2016,8.6155,23
Qatar,2016,7.0222,8
Romania,2016,7.8531,23
Russia,2016,8.2755,23
Rwanda,2016,6.4065,3
Réunion,2016,5.6021,1
Saint-Martin,2016,5.699,2
San Marino,2016,5.1761,1
Sao Tome and Principe,2016,6.3617,3
Saudi Arabia,2016,5.5441,3
Scotland,2016,8.0216,23
Senegal,2016,8.3082,23
Serbia,2016,8.3465,23
Seychelles,2016,6.2041,1
Sierra Leone,2016,7.0872,15
Slovakia,2016,7.9501,23
Slovenia,2016,7.9786,23
Somalia,2016,5.1761,1
South Africa,2016,7.4529,23
Spain,2016,8.8905,23
Saint Kitts and Nevis,2016,5.7782,1
St. Lucia,2016,5.574,2
Suriname,2016,7.5786,23
Sweden,2016,8.0322,23
Switzerland,2016,8.2897,23
Syria,2016,7.1367,4
Tajikistan,2016,6.0,3
Tanzania,2016,5.9542,1
Thailand,2016,6.1761,3
The Gambia,2016,6.8893,18
Togo,2016,7.3345,22
Trinidad and Tobago,2016,6.7889,5
Tunisia,2016,7.6803,23
Turkey,2016,8.1785,23
Turkmenistan,2016,5.301,1
Türkiye,2016,8.2278,23
Uganda,2016,6.7181,10
Ukraine,2016,8.1402,23
United Arab Emirates,2016,5.6532,1
United States,2016,7.7782,23
Uruguay,2016,8.4763,23
Uzbekistan,2016,7.2989,14
Venezuela,2016,7.7493,23
Wales,2016,8.2543,23
Zambia,2016,6.9494,8
Zimbabwe,2016,6.972,14
Afghanistan,2017,5.7782,2
Albania,2017,7.6875,23
Algeria,2017,8.2757,23
Angola,2017,7.6618,23
Antigua and Barbuda,2017,5.8451,3
Argentina,2017,8.8513,23
Armenia,2017,7.7076,23
Aruba,2017,6.4393,5
Australia,2017,7.5894,23
Austria,2017,8.1963,23
Azerbaijan,2017,6.8195,20
Bangladesh,2017,5.5441,1
Barbados,2017,6.3711,3
Belarus,2017,7.3263,23
Belgium,2017,8.7628,23
Benin,2017,7.3936,18
Bermuda,2017,6.4914,1
Bolivia,2017,5.7782,2
Bonaire,2017,5.243,1
Bosnia and Herzegovina,2017,8.1297,23
Brazil,2017,8.8332,23
Bulgaria,2017,7.4082,23
Burkina Faso,2017,7.5273,23
Burundi,2017,7.224,4
Cameroon,2017,8.0788,23
Canada,2017,7.2529,23
Cape Verde,2017,7.5321,23
Central African Republic,2017,7.394,12
Chad,2017,6.5502,3
Chile,2017,8.2769,23
China,2017,6.8129,15
Chinese Taipei,2017,5.7404,2
Colombia,2017,8.3943,23
Comoros,2017,6.8497,12
Congo,2017,7.2683,23
Costa Rica,2017,7.7415,23
Ivory Coast,2017,8.3187,23
Croatia,2017,8.5322,23
Cuba,2017,6.0414,1
Curaçao,2017,7.6112,23
Cyprus,2017,7.2088,23
Czech Republic,2017,7.9307,23
DR Congo,2017,8.0865,23
Denmark,2017,8.2383,23
Dominican Republic,2017,6.8341,7
Ecuador,2017,7.6744,23
Egypt,2017,7.8122,23
El Salvador,2017,6.1303,5
England,2017,8.7381,23
Equatorial Guinea,2017,7.2109,10
Eritrea,2017,6.4023,3
Estonia,2017,6.9112,15
Ethiopia,2017,5.8451,2
Faroe Islands,2017,6.3711,12
Finland,2017,7.5933,23
France,2017,8.8826,23
French Guiana,2017,6.6075,5
Gabon,2017,8.0085,21
Georgia,2017,7.4472,23
Germany,2017,8.855,23
Ghana,2017,8.1279,23
Greece,2017,8.1248,23
Grenada,2017,5.5441,2
Guadeloupe,2017,7.4269,23
Guatemala,2017,6.1903,3
Guinea,2017,7.9112,23
Guinea-Bissau,2017,7.4362,23
Guyana,2017,5.9777,2
Haiti,2017,7.0253,18
Honduras,2017,7.1422,16
Hungary,2017,7.5605,23
Iceland,2017,7.7376,23
India,2017,5.4393,1
Indonesia,2017,6.959,10
Iran,2017,7.541,23
Iraq,2017,6.7076,8
Ireland,2017,8.0216,23
Israel,2017,7.6415,23
Italy,2017,8.6973,23
Jamaica,2017,7.8814,23
Japan,2017,7.9012,23
Jordan,2017,5.699,1
Kazakhstan,2017,6.9823,15
Kenya,2017,7.3118,9
"Korea, North",2017,5.301,1
South Korea,2017,7.7253,21
Kosovo,2017,7.5092,23
Kyrgyzstan,2017,5.699,1
Laos,2017,6.3222,1
Latvia,2017,6.7634,13
Lebanon,2017,6.1461,4
Liberia,2017,6.4661,8
Libya,2017,6.4843,3
Liechtenstein,2017,6.4108,3
Lithuania,2017,6.9766,23
Luxembourg,2017,6.7597,16
Macao,2017,5.0969,1
Madagascar,2017,7.0253,12
Malawi,2017,5.3979,1
Malaysia,2017,6.4586,4
Mali,2017,7.6812,23
Malta,2017,6.2304,4
Martinique,2017,7.2724,23
Mauritania,2017,6.842,13
Mauritius,2017,6.2041,1
Mexico,2017,8.2138,23
Moldova,2017,7.1255,23
Monaco,2017,5.1761,1
Montenegro,2017,7.8,23
Montserrat,2017,6.2041,4
Morocco,2017,8.1026,23
Mozambique,2017,6.9661,13
Netherlands,2017,8.5046,23
Neukaledonien,2017,6.3617,2
New Caledonia,2017,6.0414,1
New Zealand,2017,7.3112,14
Nicaragua,2017,5.5441,1
Niger,2017,6.29,3
Nigeria,2017,8.1441,23
North Macedonia,2017,7.3531,23
Northern Ireland,2017,7.6064,23
Norway,2017,7.7882,23
Oman,2017,5.7782,1
Pakistan,2017,5.4771,1
Palestine,2017,5.574,2
Panama,2017,6.5185,10
Papua New Guinea,2017,5.5441,1
Paraguay,2017,7.8993,23
Peru,2017,7.5644,23
Philippines,2017,6.5283,9
Poland,2017,8.4046,23
Portugal,2017,8.7219,23
Qatar,2017,7.0598,8
Romania,2017,7.8516,23
Russia,2017,8.2177,23
Rwanda,2017,6.4914,3
Réunion,2017,5.3979,1
Saint-Martin,2017,5.4771,1
San Marino,2017,5.1761,1
Sao Tome and Principe,2017,6.2788,3
Saudi Arabia,2017,6.8028,10
Scotland,2017,8.1151,23
Senegal,2017,8.3902,23
Serbia,2017,8.3295,23
Seychelles,2017,6.2041,1
Sierra Leone,2017,6.9912,18
Sint Maarten,2017,5.1761,1
Slovakia,2017,7.987,23
Slovenia,2017,8.036,23
Somalia,2017,5.301,1
South Africa,2017,7.4183,23
Spain,2017,8.9037,23
Saint Kitts and Nevis,2017,5.9661,2
Suriname,2017,7.601,23
Sweden,2017,8.1035,23
Switzerland,2017,8.2567,23
Syria,2017,7.2088,5
Tajikistan,2017,5.9777,4
Tanzania,2017,6.4914,1
Thailand,2017,6.1303,3
The Gambia,2017,7.0453,20
Togo,2017,7.338,23
Trinidad and Tobago,2017,6.6902,6
Tunisia,2017,7.5933,23
Turkey,2017,8.099,23
Türkiye,2017,8.2345,23
Uganda,2017,6.7559,11
Ukraine,2017,8.0759,23
United States,2017,7.8609,23
Uruguay,2017,8.5084,23
Uzbekistan,2017,7.2311,15
Venezuela,2017,7.791,23
Vietnam,2017,5.0969,1
Wales,2017,8.3193,23
Zambia,2017,6.8837,10
Zimbabwe,2017,7.017,12
Afghanistan,2018,5.699,2
Albania,2018,7.8392,23
Algeria,2018,8.3889,23
Angola,2018,7.7296,23
Antigua and Barbuda,2018,5.4771,1
Argentina,2018,8.946,23
Armenia,2018,7.6812,23
Aruba,2018,6.3324,6
Australia,2018,7.734,23
Austria,2018,8.3713,23
Azerbaijan,2018,6.6857,17
Bahrain,2018,5.0969,1
Bangladesh,2018,6.0414,1
Barbados,2018,6.3473,3
Belarus,2018,7.3075,23
Belgium,2018,8.9007,23
Benin,2018,7.4232,20
Bermuda,2018,6.6721,2
Bolivia,2018,6.0,3
Bonaire,2018,5.3522,1
Bosnia and Herzegovina,2018,8.2281,23
Brazil,2018,9.0727,23
Bulgaria,2018,7.3918,23
Burkina Faso,2018,7.64,23
Burundi,2018,6.9614,3
Cameroon,2018,8.194,23
Canada,2018,7.2619,23
Cape Verde,2018,7.6835,23
Central African Republic,2018,7.5584,12
Chad,2018,6.4624,2
Chile,2018,8.2433,23
China,2018,6.9811,16
Chinese Taipei,2018,5.699,2
Colombia,2018,8.478,23
Comoros,2018,7.054,15
Congo,2018,7.2041,23
Costa Rica,2018,7.6269,23
Ivory Coast,2018,8.4751,23
Croatia,2018,8.5695,23
Cuba,2018,6.2175,2
Curaçao,2018,7.5493,23
Cyprus,2018,7.1492,23
Czech Republic,2018,8.1024,23
DR Congo,2018,8.1329,23
Denmark,2018,8.47,23
Dominican Republic,2018,7.4624,7
Ecuador,2018,7.5916,23
Egypt,2018,8.2932,23
El Salvador,2018,6.1761,5
England,2018,8.9796,23
Equatorial Guinea,2018,7.3253,10
Eritrea,2018,6.3118,3
Estonia,2018,6.8837,15
Ethiopia,2018,5.9031,3
Faroe Islands,2018,6.3847,11
Finland,2018,7.5065,23
France,2018,9.0973,23
French Guiana,2018,6.5051,6
Gabon,2018,8.0609,22
Georgia,2018,7.4997,23
Germany,2018,9.0099,23
Ghana,2018,8.2674,23
Greece,2018,8.1855,23
Grenada,2018,5.301,1
Guadeloupe,2018,7.5065,23
Guatemala,2018,6.301,3
Guinea,2018,8.1512,23
Guinea-Bissau,2018,7.4265,23
Guyana,2018,5.9031,1
Haiti,2018,7.0314,17
Honduras,2018,7.1106,17
Hungary,2018,7.7003,23
Iceland,2018,7.8825,23
Indonesia,2018,7.0864,13
Iran,2018,7.6594,23
Iraq,2018,6.7011,9
Ireland,2018,8.0378,23
Israel,2018,7.6817,23
Italy,2018,8.8568,23
Jamaica,2018,8.1481,23
Japan,2018,7.9526,23
Jordan,2018,5.699,1
Kazakhstan,2018,7.1222,19
Kenya,2018,7.5139,8
"Korea, North",2018,6.7076,1
South Korea,2018,7.9601,23
Kosovo,2018,7.5911,23
Kyrgyzstan,2018,5.7782,1
Laos,2018,6.3222,1
Latvia,2018,6.7033,12
Lebanon,2018,6.317,4
Liberia,2018,6.2368,7
Libya,2018,6.4807,3
Liechtenstein,2018,6.2368,3
Lithuania,2018,6.899,23
Luxembourg,2018,7.0075,18
Macao,2018,5.0969,1
Madagascar,2018,7.1508,12
Malawi,2018,5.4771,1
Malaysia,2018,6.6101,4
Mali,2018,7.9872,23
Malta,2018,6.4548,6
Martinique,2018,7.3697,23
Mauritania,2018,7.0022,14
Mauritius,2018,5.9542,1
Mexico,2018,8.2079,23
Moldova,2018,7.0978,23
Montenegro,2018,7.9403,23
Montserrat,2018,6.0969,4
Morocco,2018,8.2755,23
Mozambique,2018,6.9673,12
Netherlands,2018,8.6249,23
Neukaledonien,2018,6.3802,2
New Caledonia,2018,6.5563,1
New Zealand,2018,7.5129,17
Nicaragua,2018,5.5441,1
Niger,2018,6.29,4
Nigeria,2018,8.2482,23
North Macedonia,2018,7.5105,23
Northern Ireland,2018,7.6503,23
Norway,2018,7.9428,23
Oman,2018,5.9294,1
Pakistan,2018,5.5441,1
Palestine,2018,5.5119,3
Panama,2018,6.451,9
Paraguay,2018,7.8341,23
Peru,2018,7.6093,23
Philippines,2018,6.5938,9
Poland,2018,8.4392,23
Portugal,2018,8.7768,23
Qatar,2018,7.0864,9
Romania,2018,7.7903,23
Russia,2018,8.2629,23
Rwanda,2018,6.4232,3
Réunion,2018,5.3979,1
Saint-Martin,2018,5.3979,1
San Marino,2018,5.243,1
Sao Tome and Principe,2018,6.3424,4
Saudi Arabia,2018,6.7243,11
Scotland,2018,8.1735,23
Senegal,2018,8.5186,23
Serbia,2018,8.4685,23
Seychelles,2018,6.2041,1
Sierra Leone,2018,6.7404,18
Sint Maarten,2018,5.3979,1
Slovakia,2018,8.1332,23
Slovenia,2018,8.1537,23
Somalia,2018,5.301,1
South Africa,2018,7.4322,23
Spain,2018,9.0969,23
Saint Kitts and Nevis,2018,6.0414,1
Suriname,2018,7.6684,23
Sweden,2018,8.1347,23
Switzerland,2018,8.3777,23
Syria,2018,7.3064,7
Tajikistan,2018,6.1222,5
Tanzania,2018,6.4914,1
Thailand,2018,6.1761,3
The Gambia,2018,7.3165,23
Togo,2018,7.6037,23
Trinidad and Tobago,2018,6.5378,6
Tunisia,2018,7.7653,23
Turkey,2018,7.6839,23
Türkiye,2018,8.2627,23
Uganda,2018,6.7976,10
Ukraine,2018,8.1059,23
United Arab Emirates,2018,5.4771,1
United States,2018,8.0713,23
Uruguay,2018,8.5973,23
Uzbekistan,2018,7.2529,15
Venezuela,2018,7.7368,23
Vietnam,2018,5.0969,1
Wales,2018,8.4076,23
Zambia,2018,6.8112,12
Zimbabwe,2018,7.2272,12
Afghanistan,2019,5.699,1
Albania,2019,7.8482,23
Algeria,2019,8.483,23
Angola,2019,7.792,23
Antigua and Barbuda,2019,5.8451,2
Argentina,2019,8.9624,23
Armenia,2019,7.6395,23
Aruba,2019,6.29,4
Australia,2019,7.7431,23
Austria,2019,8.4787,23
Azerbaijan,2019,6.9332,22
Bahrain,2019,5.0969,1
Bangladesh,2019,6.0414,1
Barbados,2019,6.2613,3
Belarus,2019,7.3304,23
Belgium,2019,8.9497,23
Benin,2019,7.3334,19
Bermuda,2019,6.6812,2
Bolivia,2019,6.0107,4
Bonaire,2019,5.4393,1
Bosnia and Herzegovina,2019,8.2778,23
Brazil,2019,9.1424,23
Bulgaria,2019,7.415,23
Burkina Faso,2019,7.6665,23
Burundi,2019,6.9112,3
Cameroon,2019,8.3046,23
Canada,2019,7.5554,23
Cape Verde,2019,7.8096,23
Central African Republic,2019,7.5007,13
Chad,2019,6.4983,3
Chile,2019,8.1546,23
China,2019,7.071,19
Chinese Taipei,2019,5.4771,1
Colombia,2019,8.5741,23
Comoros,2019,7.3144,13
Congo,2019,7.179,23
Costa Rica,2019,7.4868,23
Ivory Coast,2019,8.63,23
Croatia,2019,8.6675,23
Cuba,2019,6.525,2
Curaçao,2019,7.5224,23
Cyprus,2019,7.1804,23
Czech Republic,2019,8.1895,23
DR Congo,2019,8.1778,23
Denmark,2019,8.5776,23
Dominican Republic,2019,7.752,7
Ecuador,2019,7.6599,23
Egypt,2019,8.3023,23
El Salvador,2019,6.3375,6
England,2019,9.0778,23
Equatorial Guinea,2019,7.3263,9
Eritrea,2019,6.2304,3
Estonia,2019,6.8079,15
Ethiopia,2019,5.3979,1
Faroe Islands,2019,6.5472,14
Finland,2019,7.616,23
France,2019,9.2022,23
French Guiana,2019,6.5185,6
Gabon,2019,8.0634,22
Georgia,2019,7.6096,23
Germany,2019,9.0493,23
Ghana,2019,8.3465,23
Greece,2019,8.2358,23
Grenada,2019,5.301,1
Guadeloupe,2019,7.6479,23
Guatemala,2019,6.4914,2
Guinea,2019,8.1973,23
Guinea-Bissau,2019,7.5717,23
Guyana,2019,5.6532,1
Haiti,2019,7.0344,18
Honduras,2019,7.1882,18
Hungary,2019,7.7959,23
Iceland,2019,7.9857,23
India,2019,5.5441,1
Indonesia,2019,7.4302,14
Iran,2019,7.8366,23
Iraq,2019,6.8373,10
Ireland,2019,8.1126,23
Israel,2019,7.7439,23
Italy,2019,8.9475,23
Jamaica,2019,8.1518,23
Japan,2019,8.1141,23
Jordan,2019,6.301,2
Kazakhstan,2019,7.2636,19
Kenya,2019,7.4552,9
"Korea, North",2019,6.6128,1
South Korea,2019,8.0708,23
Kosovo,2019,7.7701,23
Kyrgyzstan,2019,6.1139,1
Laos,2019,5.9542,1
Latvia,2019,6.5855,13
Lebanon,2019,6.3757,5
Liberia,2019,6.2041,8
Libya,2019,6.5051,3
Liechtenstein,2019,6.1055,3
Lithuania,2019,7.0,23
Luxembourg,2019,7.054,18
Madagascar,2019,7.2418,15
Malawi,2019,5.4771,1
Malaysia,2019,6.4314,2
Mali,2019,8.2158,23
Malta,2019,6.4949,7
Martinique,2019,7.3892,23
Mauritania,2019,7.0774,14
Mauritius,2019,5.9031,1
Mexico,2019,8.3768,23
Moldova,2019,7.1629,23
Montenegro,2019,7.9373,23
Montserrat,2019,5.699,2
Morocco,2019,8.416,23
Mozambique,2019,6.9673,12
Netherlands,2019,8.8316,23
Neukaledonien,2019,6.3802,2
New Caledonia,2019,6.6128,1
New Zealand,2019,7.5378,21
Nicaragua,2019,5.301,1
Niger,2019,6.1903,5
Nigeria,2019,8.3731,23
North Macedonia,2019,7.642,23
Northern Ireland,2019,7.7037,23
Norway,2019,8.0971,23
Oman,2019,6.0792,1
Pakistan,2019,5.4771,1
Palestine,2019,5.7959,4
Panama,2019,6.6128,12
Papua New Guinea,2019,5.6021,1
Paraguay,2019,7.9506,23
Peru,2019,7.6744,23
Philippines,2019,6.9004,8
Poland,2019,8.5294,23
Portugal,2019,8.8955,23
Qatar,2019,7.1987,11
Romania,2019,7.9643,23
Russia,2019,8.3986,23
Rwanda,2019,6.3892,4
Saint-Martin,2019,5.5119,2
San Marino,2019,5.3522,1
Sao Tome and Principe,2019,6.2175,4
Saudi Arabia,2019,6.7941,11
Scotland,2019,8.3255,23
Senegal,2019,8.6182,23
Serbia,2019,8.661,23
Seychelles,2019,5.9294,1
Sierra Leone,2019,6.752,16
Sint Maarten,2019,5.3979,1
Slovakia,2019,8.2293,23
Slovenia,2019,8.2188,23
Somalia,2019,5.243,1
South Africa,2019,7.5276,23
Spain,2019,9.1123,23
Saint Kitts and Nevis,2019,6.4914,1
St. Lucia,2019,5.9542,2
Suriname,2019,7.6575,23
Sweden,2019,8.2158,23
Switzerland,2019,8.5127,23
Syria,2019,7.3334,8
Tajikistan,2019,6.2175,5
Tanzania,2019,6.959,1
Thailand,2019,6.3711,5
The Gambia,2019,7.5205,23
Togo,2019,7.6496,23
Trinidad and Tobago,2019,6.6284,5
Tunisia,2019,7.9055,23
Turkey,2019,7.5508,23
Türkiye,2019,8.3336,23
Uganda,2019,6.7443,9
Ukraine,2019,8.1764,23
United Arab Emirates,2019,5.574,1
United States,2019,8.2158,23
Uruguay,2019,8.696,23
Uzbekistan,2019,7.2678,17
Venezuela,2019,7.8035,23
Vietnam,2019,5.6021,2
Wales,2019,8.4371,23
Zambia,2019,7.0334,11
Zimbabwe,2019,7.3054,13
Afghanistan,2020,5.6284,1
Albania,2020,7.9494,23
Algeria,2020,8.4588,23
Angola,2020,7.6988,23
Antigua and Barbuda,2020,5.8451,2
Argentina,2020,8.8882,23
Armenia,2020,7.5334,23
Aruba,2020,6.2041,4
Australia,2020,7.642,23
Austria,2020,8.4539,23
Azerbaijan,2020,6.9494,22
Bahrain,2020,5.0969,1
Bangladesh,2020,6.9085,1
Barbados,2020,5.9777,3
Belarus,2020,7.248,23
Belgium,2020,8.8392,23
Benin,2020,7.2095,20
Bermuda,2020,6.5441,2
Bolivia,2020,6.5017,9
Bonaire,2020,5.4771,1
Bosnia and Herzegovina,2020,8.1455,23
Brazil,2020,9.0585,23
Bulgaria,2020,7.3243,23
Burkina Faso,2020,7.7484,23
Burundi,2020,6.6232,6
Cameroon,2020,8.2801,23
Canada,2020,7.9337,23
Cape Verde,2020,7.7352,23
Central African Republic,2020,7.4362,12
Chad,2020,6.5218,4
Chile,2020,7.9948,23
China,2020,7.1351,19
Chinese Taipei,2020,5.6284,1
Colombia,2020,8.507,23
Comoros,2020,7.3613,19
Congo,2020,7.1538,23
Costa Rica,2020,7.3016,23
Ivory Coast,2020,8.5859,23
Croatia,2020,8.5616,23
Cuba,2020,6.5563,2
Curaçao,2020,7.4491,23
Cyprus,2020,7.1804,23
Czech Republic,2020,8.1411,23
DR Congo,2020,8.1316,23
Denmark,2020,8.4878,23
Dominican Republic,2020,7.6387,9
Ecuador,2020,7.643,23
Egypt,2020,8.1912,23
El Salvador,2020,6.317,6
England,2020,9.0843,23
Equatorial Guinea,2020,7.3196,9
Eritrea,2020,6.1903,3
Estonia,2020,6.7763,20
Ethiopia,2020,5.4771,1
Faroe Islands,2020,6.4586,14
Finland,2020,7.6196,23
France,2020,9.0989,23
French Guiana,2020,6.4433,6
Gabon,2020,7.9575,23
Georgia,2020,7.6053,23
Germany,2020,8.9948,23
Ghana,2020,8.2869,23
Greece,2020,8.1209,23
Grenada,2020,5.699,3
Guadeloupe,2020,7.5999,23
Guatemala,2020,6.5283,3
Guinea,2020,8.0731,23
Guinea-Bissau,2020,7.4742,23
Guyana,2020,5.9542,2
Haiti,2020,7.0828,19
Honduras,2020,7.0691,21
Hungary,2020,7.8038,23
Iceland,2020,7.8301,23
India,2020,5.5441,1
Indonesia,2020,7.3037,15
Iran,2020,7.7099,23
Iraq,2020,6.7871,11
Ireland,2020,8.0652,23
Israel,2020,7.6026,23
Italy,2020,8.8896,23
Jamaica,2020,8.1216,23
Japan,2020,8.058,23
Jordan,2020,6.3064,2
Kazakhstan,2020,7.2672,19
Kenya,2020,6.9912,8
"Korea, North",2020,6.4472,1
South Korea,2020,8.0591,23
Kosovo,2020,7.938,23
Kyrgyzstan,2020,6.0212,1
Laos,2020,5.7597,1
Latvia,2020,6.6698,16
Lebanon,2020,6.2844,5
Liberia,2020,6.3473,10
Libya,2020,6.541,3
Liechtenstein,2020,5.9165,3
Lithuania,2020,6.9112,23
Luxembourg,2020,7.1688,21
Madagascar,2020,7.3617,18
Malaysia,2020,6.2613,4
Mali,2020,8.1455,23
Malta,2020,6.8028,7
Martinique,2020,7.3404,23
Mauritania,2020,6.9766,17
Mauritius,2020,5.8129,1
Mexico,2020,8.3334,23
Moldova,2020,7.1508,23
Montenegro,2020,7.766,23
Montserrat,2020,6.3802,4
Morocco,2020,8.4755,23
Mozambique,2020,6.9554,10
Netherlands,2020,8.8414,23
Neukaledonien,2020,6.2553,2
New Caledonia,2020,6.6128,1
New Zealand,2020,7.4179,22
Nicaragua,2020,5.301,1
Niger,2020,6.1833,7
Nigeria,2020,8.3943,23
North Macedonia,2020,7.6917,23
Northern Ireland,2020,7.7193,23
Norway,2020,8.3596,23
Oman,2020,5.5441,1
Pakistan,2020,5.4771,1
Palestine,2020,6.0792,5
Panama,2020,6.6946,10
Papua New Guinea,2020,5.5441,1
Paraguay,2020,7.8913,23
Peru,2020,7.6417,23
Philippines,2020,6.7423,10
Poland,2020,8.46,23
Portugal,2020,8.8666,23
Qatar,2020,7.1247,10
Romania,2020,7.9074,23
Russia,2020,8.3598,23
Rwanda,2020,6.1383,4
Saint-Martin,2020,5.6284,2
San Marino,2020,5.4393,1
Sao Tome and Principe,2020,6.0314,3
Saudi Arabia,2020,6.7924,10
Scotland,2020,8.3988,23
Senegal,2020,8.6108,23
Serbia,2020,8.5723,23
Seychelles,2020,5.7597,1
Sierra Leone,2020,6.8794,17
Slovakia,2020,8.1361,23
Slovenia,2020,8.1882,23
Somalia,2020,5.243,1
South Africa,2020,7.4253,23
Spain,2020,8.9987,23
Saint Kitts and Nevis,2020,6.5218,2
St. Lucia,2020,5.7404,2
Suriname,2020,7.5877,23
Sweden,2020,8.2938,23
Switzerland,2020,8.431,23
Syria,2020,7.0097,8
Tajikistan,2020,6.2672,5
Tanzania,2020,6.9823,1
Thailand,2020,6.357,5
The Gambia,2020,7.5444,23
Togo,2020,7.6522,23
Trinidad and Tobago,2020,6.5283,5
Tunisia,2020,7.7819,23
Turkey,2020,7.3488,23
Turkmenistan,2020,5.5441,1
Türkiye,2020,8.4196,23
Uganda,2020,6.8373,12
Ukraine,2020,8.1821,23
United Arab Emirates,2020,5.6021,1
United States,2020,8.2732,23
Uruguay,2020,8.6129,23
Uzbekistan,2020,7.2362,18
Venezuela,2020,7.8269,23
Vietnam,2020,5.6532,2
Wales,2020,8.3351,23
Zambia,2020,7.2833,16
Zimbabwe,2020,7.3064,15
Afghanistan,2021,5.7959,3
Albania,2021,8.0393,23
Algeria,2021,8.5368,23
Andorra,2021,5.1761,1
Angola,2021,7.859,23
Antigua and Barbuda,2021,5.9542,3
Argentina,2021,8.8757,23
Armenia,2021,7.5635,23
Aruba,2021,6.1614,3
Australia,2021,7.6294,23
Austria,2021,8.5481,23
Azerbaijan,2021,6.959,23
Bahrain,2021,5.3979,1
Bangladesh,2021,6.9085,1
Barbados,2021,5.8451,3
Belarus,2021,7.2227,23
Belgium,2021,8.8513,23
Benin,2021,7.2945,21
Bermuda,2021,6.5152,2
Bolivia,2021,6.5593,10
Bonaire,2021,5.6021,1
Bosnia and Herzegovina,2021,8.0362,23
Brazil,2021,9.0387,23
Brunei Darussalam,2021,5.4771,1
Bulgaria,2021,7.2928,23
Burkina Faso,2021,7.9225,23
Burundi,2021,6.7222,8
Cameroon,2021,8.3049,23
Canada,2021,8.1397,23
Cape Verde,2021,7.7316,23
Central African Republic,2021,7.2867,13
Chad,2021,6.3375,4
Chile,2021,7.934,23
China,2021,7.0434,19
Chinese Taipei,2021,5.8603,1
Colombia,2021,8.5534,23
Comoros,2021,7.4005,21
Congo,2021,7.1391,23
Costa Rica,2021,7.437,23
Ivory Coast,2021,8.629,23
Croatia,2021,8.6113,23
Cuba,2021,6.4624,3
Curaçao,2021,7.5254,23
Cyprus,2021,7.2227,23
Czech Republic,2021,8.2714,23
DR Congo,2021,8.2995,23
Denmark,2021,8.5112,23
Dominican Republic,2021,7.4893,11
Ecuador,2021,7.8023,23
Egypt,2021,8.2191,23
El Salvador,2021,6.1139,4
England,2021,9.1374,23
Equatorial Guinea,2021,7.1599,11
Eritrea,2021,6.3222,3
Estonia,2021,6.7597,20
Faroe Islands,2021,6.4409,15
Finland,2021,7.6689,23
France,2021,9.0935,23
French Guiana,2021,6.4661,6
Gabon,2021,7.8982,23
Georgia,2021,7.6977,23
Germany,2021,9.0048,23
Ghana,2021,8.3185,23
Greece,2021,8.172,23
Grenada,2021,6.1833,3
Guadeloupe,2021,7.584,23
Guatemala,2021,6.4624,3
Guinea,2021,8.1089,23
Guinea-Bissau,2021,7.6362,23
Guyana,2021,5.9031,3
Haiti,2021,7.3248,22
Honduras,2021,7.1538,19
Hungary,2021,7.9809,23
Iceland,2021,7.7653,23
India,2021,5.3522,1
Indonesia,2021,7.2799,18
Iran,2021,7.8722,23
Iraq,2021,6.942,15
Ireland,2021,8.0492,23
Israel,2021,7.7344,23
Italy,2021,8.949,23
Jamaica,2021,8.1429,23
Japan,2021,8.1086,23
Jordan,2021,6.3711,3
Kazakhstan,2021,7.2541,18
Kenya,2021,7.1717,8
"Korea, North",2021,6.3617,1
South Korea,2021,8.1502,23
Kosovo,2021,7.9044,23
Kyrgyzstan,2021,5.9542,1
Laos,2021,5.8451,1
Latvia,2021,6.6532,15
Lebanon,2021,6.243,4
Liberia,2021,6.5119,8
Libya,2021,7.1703,3
Liechtenstein,2021,5.8893,3
Lithuania,2021,6.8692,23
Luxembourg,2021,7.2917,22
Macao,2021,5.301,1
Madagascar,2021,7.3551,15
Malawi,2021,5.1761,1
Malaysia,2021,6.6207,5
Mali,2021,8.2393,23
Malta,2021,6.9967,7
Martinique,2021,7.4378,23
Mauritania,2021,7.1407,19
Mauritius,2021,6.0414,1
Mexico,2021,8.3911,23
Moldova,2021,7.1139,23
Montenegro,2021,7.7913,23
Montserrat,2021,6.301,4
Morocco,2021,8.5226,23
Mozambique,2021,7.0492,10
Netherlands,2021,8.8716,23
Neukaledonien,2021,6.0792,2
New Caledonia,2021,7.0828,1
New Zealand,2021,7.2911,23
Niger,2021,6.415,8
Nigeria,2021,8.4859,23
North Macedonia,2021,7.7358,23
Northern Ireland,2021,7.729,23
Norway,2021,8.4519,23
Oman,2021,5.5441,1
Pakistan,2021,5.301,1
Palestine,2021,6.0792,6
Panama,2021,6.8435,9
Papua New Guinea,2021,5.4771,1
Paraguay,2021,7.945,23
Peru,2021,7.7922,23
Philippines,2021,6.7482,10
Poland,2021,8.5245,23
Portugal,2021,8.9778,23
Qatar,2021,7.1673,10
Romania,2021,8.006,23
Russia,2021,8.3685,23
Rwanda,2021,5.9031,4
Saint-Martin,2021,5.5441,2
San Marino,2021,5.5119,1
Sao Tome and Principe,2021,5.8129,3
Saudi Arabia,2021,6.8779,10
Scotland,2021,8.4751,23
Senegal,2021,8.6005,23
Serbia,2021,8.5564,23
Seychelles,2021,5.699,1
Sierra Leone,2021,7.1012,17
Slovakia,2021,8.13,23
Slovenia,2021,8.2037,23
South Africa,2021,7.3962,23
Spain,2021,9.0569,23
Saint Kitts and Nevis,2021,6.415,1
St. Lucia,2021,5.699,1
Suriname,2021,7.6243,23
Sweden,2021,8.3768,23
Switzerland,2021,8.4573,23
Syria,2021,7.2162,7
Tajikistan,2021,6.2956,6
Tanzania,2021,6.6532,2
Thailand,2021,6.3118,5
The Gambia,2021,7.6481,23
Togo,2021,7.6668,23
Trinidad and Tobago,2021,6.7745,7
Tunisia,2021,7.749,23
Turkey,2021,7.3729,23
Turkmenistan,2021,5.4771,1
Türkiye,2021,8.5147,23
Uganda,2021,6.8129,13
Ukraine,2021,8.3306,23
United Arab Emirates,2021,5.301,1
United States,2021,8.4379,23
Uruguay,2021,8.6321,23
Uzbekistan,2021,7.3551,18
Venezuela,2021,7.9047,23
Vietnam,2021,5.7404,2
Wales,2021,8.2658,23
Zambia,2021,7.6276,18
Zimbabwe,2021,7.4522,15
Afghanistan,2022,5.8603,3
Albania,2022,8.0542,23
Algeria,2022,8.4744,23
Andorra,2022,5.4771,1
Angola,2022,7.8431,23
Antigua and Barbuda,2022,5.8293,2
Argentina,2022,8.8358,23
Armenia,2022,7.4579,23
Aruba,2022,5.8129,2
Australia,2022,7.6297,23
Austria,2022,8.5173,23
Azerbaijan,2022,6.9731,23
Bahrain,2022,5.6021,1
Bangladesh,2022,6.7076,1
Barbados,2022,5.7782,3
Belarus,2022,7.1569,23
Belgium,2022,8.817,23
Benin,2022,7.295,18
Bermuda,2022,6.243,2
Bolivia,2022,6.6258,11
Bonaire,2022,5.7202,2
Bosnia and Herzegovina,2022,7.9289,23
Brazil,2022,9.0343,23
Brunei Darussalam,2022,5.4771,1
Bulgaria,2022,7.357,23
Burkina Faso,2022,7.9369,23
Burundi,2022,6.8129,7
Cameroon,2022,8.2463,23
Canada,2022,8.2163,23
Cape Verde,2022,7.6663,23
Central African Republic,2022,7.295,13
Chad,2022,6.317,3
Chile,2022,7.9175,23
China,2022,6.9058,19
Chinese Taipei,2022,5.7782,1
Colombia,2022,8.5444,23
Comoros,2022,7.48,23
Congo,2022,7.1945,23
Costa Rica,2022,7.3971,23
Ivory Coast,2022,8.6315,23
Croatia,2022,8.6016,23
Cuba,2022,6.415,3
Curaçao,2022,7.4464,23
Cyprus,2022,7.2317,23
Czech Republic,2022,8.3103,23
DR Congo,2022,8.2135,23
Denmark,2022,8.5367,23
Dominican Republic,2022,7.5159,14
Ecuador,2022,7.9304,23
Egypt,2022,8.1928,23
El Salvador,2022,6.1833,6
England,2022,9.1499,23
Equatorial Guinea,2022,7.0139,14
Eritrea,2022,6.1614,3
Estonia,2022,6.6154,17
Ethiopia,2022,5.4393,1
Faroe Islands,2022,6.4487,14
Finland,2022,7.6304,23
France,2022,9.0792,23
French Guiana,2022,6.5938,6
Gabon,2022,7.7193,23
Georgia,2022,7.7046,23
Germany,2022,8.9873,23
Ghana,2022,8.3326,23
Greece,2022,8.1517,23
Grenada,2022,6.5623,3
Guadeloupe,2022,7.5653,23
Guatemala,2022,6.5441,3
Guinea,2022,8.0856,23
Guinea-Bissau,2022,7.676,23
Guyana,2022,5.8451,4
Haiti,2022,7.4179,23
Honduras,2022,7.2607,21
Hungary,2022,7.9963,23
Iceland,2022,7.6021,23
India,2022,5.0969,1
Indonesia,2022,7.3043,19
Iran,2022,7.9006,23
Iraq,2022,6.9518,17
Ireland,2022,7.9666,23
Israel,2022,7.7638,23
Italy,2022,8.9264,23
Jamaica,2022,8.1947,23
Japan,2022,8.1572,23
Jordan,2022,6.2368,3
Kazakhstan,2022,7.1732,18
Kenya,2022,7.308,9
"Korea, North",2022,6.0,1
South Korea,2022,8.18,23
Kosovo,2022,7.9487,23
Kyrgyzstan,2022,5.9294,1
Laos,2022,5.6532,1
Latvia,2022,6.7054,15
Lebanon,2022,6.224,4
Liberia,2022,6.5826,7
Libya,2022,7.1673,3
Liechtenstein,2022,5.8293,3
Lithuania,2022,6.8588,23
Luxembourg,2022,7.4499,23
Macao,2022,5.3979,1
Madagascar,2022,7.295,16
Malawi,2022,5.1761,1
Malaysia,2022,6.658,5
Mali,2022,8.3541,23
Malta,2022,6.8976,6
Martinique,2022,7.3444,23
Mauritania,2022,7.1222,19
Mauritius,2022,5.6021,1
Mexico,2022,8.2835,23
Moldova,2022,7.0746,23
Montenegro,2022,7.766,23
Montserrat,2022,5.7782,1
Morocco,2022,8.5335,23
Mozambique,2022,7.2867,12
Netherlands,2022,8.8538,23
Neukaledonien,2022,5.9031,2
New Caledonia,2022,7.0828,1
New Zealand,2022,7.3865,23
Nicaragua,2022,5.243,1
Niger,2022,6.5378,9
Nigeria,2022,8.5398,23
North Macedonia,2022,7.7557,23
Northern Ireland,2022,7.6415,23
Norway,2022,8.5362,23
Pakistan,2022,5.243,1
Palestine,2022,6.1538,7
Panama,2022,6.9112,11
Papua New Guinea,2022,5.6021,1
Paraguay,2022,7.9861,23
Peru,2022,7.688,23
Philippines,2022,6.8949,10
Poland,2022,8.4894,23
Portugal,2022,8.9983,23
Qatar,2022,7.2201,10
Romania,2022,7.9571,23
Russia,2022,8.3504,23
Rwanda,2022,5.8451,4
Saint-Martin,2022,5.699,2
San Marino,2022,5.4771,1
Sao Tome and Principe,2022,5.699,3
Saudi Arabia,2022,6.8648,10
Scotland,2022,8.4866,23
Senegal,2022,8.5642,23
Serbia,2022,8.5689,23
Seychelles,2022,5.699,1
Sierra Leone,2022,7.0443,18
Slovakia,2022,8.1517,23
Slovenia,2022,8.1133,23
Somalia,2022,5.0969,1
South Africa,2022,7.3059,23
Southern Sudan,2022,5.3979,1
Spain,2022,9.0363,23
Saint Kitts and Nevis,2022,6.1383,2
Suriname,2022,7.6209,23
Sweden,2022,8.3867,23
Switzerland,2022,8.4618,23
Syria,2022,7.3729,8
Tajikistan,2022,6.3324,5
Tanzania,2022,6.5502,4
Thailand,2022,6.4314,9
The Gambia,2022,7.6862,23
Togo,2022,7.6069,23
Trinidad and Tobago,2022,6.7364,6
Tunisia,2022,7.8072,23
Turkey,2022,7.2983,23
Turkmenistan,2022,5.3979,1
Türkiye,2022,8.5429,23
Uganda,2022,6.8195,13
Ukraine,2022,8.3623,23
United Arab Emirates,2022,5.301,1
United States,2022,8.4837,23
Uruguay,2022,8.6228,23
Uzbekistan,2022,7.4171,21
Venezuela,2022,7.856,23
Vietnam,2022,5.7959,2
Wales,2022,8.2345,23
Zambia,2022,7.7261,15
Zimbabwe,2022,7.4108,14
Afghanistan,2023,5.7959,2
Albania,2023,8.0759,23
Algeria,2023,8.4598,23
Andorra,2023,5.7782,1
Angola,2023,7.7945,23
Antigua and Barbuda,2023,5.4771,1
Argentina,2023,8.908,23
Armenia,2023,7.4417,23
Aruba,2023,5.6284,1
Australia,2023,7.7135,23
Austria,2023,8.5316,23
Azerbaijan,2023,7.0,23
Bahrain,2023,5.6021,1
Bangladesh,2023,6.7076,1
Barbados,2023,5.4771,2
Belarus,2023,7.1206,23
Belgium,2023,8.765,23
Benin,2023,7.2788,18
Bermuda,2023,6.0,2
Bolivia,2023,6.6385,9
Bonaire,2023,5.7597,2
Bosnia and Herzegovina,2023,8.0394,23
Brazil,2023,9.1055,23
Brunei Darussalam,2023,5.4771,1
Bulgaria,2023,7.4836,23
Burkina Faso,2023,7.9554,23
Burundi,2023,7.1399,8
Cameroon,2023,8.2929,23
Canada,2023,8.295,23
Cape Verde,2023,7.5971,23
Central African Republic,2023,7.3483,13
Chad,2023,6.29,3
Chile,2023,7.909,23
China,2023,6.8528,18
Chinese Taipei,2023,5.9031,1
Colombia,2023,8.4915,23
Comoros,2023,7.3688,23
Congo,2023,7.2601,23
Costa Rica,2023,7.3498,23
Ivory Coast,2023,8.6396,23
Croatia,2023,8.5989,23
Cuba,2023,6.3222,3
Curaçao,2023,7.4518,23
Cyprus,2023,7.2455,23
Czech Republic,2023,8.2063,23
DR Congo,2023,8.172,23
Denmark,2023,8.6124,23
Dominican Republic,2023,7.3966,15
Ecuador,2023,8.232,23
Egypt,2023,8.1072,23
El Salvador,2023,6.1055,6
England,2023,9.165,23
Equatorial Guinea,2023,6.9923,14
Eritrea,2023,6.1461,3
Estonia,2023,6.7906,17
Ethiopia,2023,5.4393,1
Faroe Islands,2023,6.3979,14
Finland,2023,7.5447,23
France,2023,9.1222,23
French Guiana,2023,6.525,5
Gabon,2023,7.637,23
Georgia,2023,8.1603,23
Germany,2023,8.9873,23
Ghana,2023,8.4299,23
Greece,2023,8.1723,23
Grenada,2023,6.6258,4
Guadeloupe,2023,7.4191,23
Guatemala,2023,6.3222,2
Guinea,2023,7.9586,23
Guinea-Bissau,2023,7.6819,23
Guyana,2023,5.8603,4
Haiti,2023,7.4896,23
Honduras,2023,7.2208,20
Hungary,2023,8.058,23
Iceland,2023,7.5821,23
India,2023,5.0969,1
Indonesia,2023,7.3997,21
Iran,2023,7.8021,23
Iraq,2023,6.8692,16
Ireland,2023,8.1593,23
Israel,2023,7.7896,23
Italy,2023,8.8832,23
Jamaica,2023,8.1319,23
Japan,2023,8.3269,23
Jordan,2023,6.357,3
Kazakhstan,2023,7.1484,17
Kenya,2023,7.2695,10
"Korea, North",2023,5.699,1
South Korea,2023,8.2372,23
Kosovo,2023,8.0158,23
Kyrgyzstan,2023,6.1303,2
Laos,2023,5.4771,1
Latvia,2023,6.9204,15
Lebanon,2023,6.3118,4
Liberia,2023,6.4314,8
Libya,2023,7.2648,3
Liechtenstein,2023,5.7404,2
Lithuania,2023,6.8513,23
Luxembourg,2023,7.4556,23
Macao,2023,5.3979,1
Madagascar,2023,7.1847,14
Malawi,2023,5.243,1
Malaysia,2023,6.6556,5
Mali,2023,8.3214,23
Malta,2023,6.9307,5
Martinique,2023,7.1889,21
Mauritania,2023,7.0233,19
Mauritius,2023,5.6021,1
Mexico,2023,8.2443,23
Moldova,2023,7.089,23
Montenegro,2023,7.6592,23
Montserrat,2023,5.9542,3
Morocco,2023,8.5951,23
Mozambique,2023,7.4567,12
Netherlands,2023,8.8622,23
Neukaledonien,2023,5.4771,1
New Caledonia,2023,6.959,1
New Zealand,2023,7.3747,22
Nicaragua,2023,5.3979,1
Niger,2023,6.525,8
Nigeria,2023,8.6376,23
North Macedonia,2023,7.749,23
Northern Ireland,2023,7.5539,23
Norway,2023,8.6346,23
Pakistan,2023,5.1761,1
Palestine,2023,6.4433,5
Panama,2023,6.9408,12
Papua New Guinea,2023,5.6021,1
Paraguay,2023,8.1035,23
Peru,2023,7.586,23
Philippines,2023,6.8045,11
Poland,2023,8.4473,23
Portugal,2023,9.0179,23
Qatar,2023,7.0986,9
Romania,2023,7.8882,23
Russia,2023,8.3012,23
Rwanda,2023,5.7597,4
Saint-Martin,2023,5.7404,1
San Marino,2023,5.243,1
Sao Tome and Principe,2023,5.4771,2
Saudi Arabia,2023,6.7404,11
Scotland,2023,8.4655,23
Senegal,2023,8.4744,23
Serbia,2023,8.5467,23
Seychelles,2023,5.3979,1
Sierra Leone,2023,6.94,17
Sint Maarten,2023,5.5441,1
Slovakia,2023,8.2177,23
Slovenia,2023,8.1041,23
Somalia,2023,5.0969,1
South Africa,2023,7.3958,23
Southern Sudan,2023,5.3979,1
Spain,2023,8.9992,23
Saint Kitts and Nevis,2023,6.1222,3
St. Lucia,2023,5.6021,1
Suriname,2023,7.7296,23
Sweden,2023,8.4458,23
Switzerland,2023,8.4666,23
Syria,2023,7.2405,8
Tajikistan,2023,6.3522,6
Tanzania,2023,6.5502,4
Thailand,2023,6.4393,9
The Gambia,2023,7.6284,23
Togo,2023,7.462,23
Trinidad and Tobago,2023,6.9269,7
Tunisia,2023,7.8814,23
Turkey,2023,7.1889,23
Turkmenistan,2023,5.301,1
Türkiye,2023,8.495,23
Uganda,2023,6.7118,13
Ukraine,2023,8.495,23
United Arab Emirates,2023,5.1761,1
United States,2023,8.512,23
Uruguay,2023,8.6845,23
Uzbekistan,2023,7.3329,22
Venezuela,2023,7.6675,23
Vietnam,2023,5.8129,2
Wales,2023,8.262,23
Zambia,2023,7.7204,15
Zimbabwe,2023,7.372,16
Afghanistan,2024,5.7959,2
Albania,2024,8.1079,23
Algeria,2024,8.4368,23
Andorra,2024,5.9542,1
Angola,2024,7.7864,23
Antigua and Barbuda,2024,5.5441,2
Argentina,2024,8.975,23
Armenia,2024,7.6309,23
Aruba,2024,5.6021,1
Australia,2024,7.6767,23
Austria,2024,8.4873,23
Azerbaijan,2024,7.0404,21
Bangladesh,2024,6.6628,1
Barbados,2024,5.301,1
Belarus,2024,7.1287,23
Belgium,2024,8.8216,23
Benin,2024,7.243,16
Bermuda,2024,6.0,2
Bolivia,2024,6.6628,11
Bonaire,2024,5.8893,3
Bosnia and Herzegovina,2024,8.0726,23
Brazil,2024,9.1307,23
Brunei Darussalam,2024,5.4393,1
Bulgaria,2024,7.5804,23
Burkina Faso,2024,8.0467,23
Burundi,2024,7.2934,7
Cameroon,2024,8.3387,23
Canada,2024,8.2249,23
Cape Verde,2024,7.632,23
Central African Republic,2024,7.2878,13
Chad,2024,6.3424,2
Chile,2024,7.8657,23
China,2024,6.8363,18
Chinese Taipei,2024,5.9542,1
Colombia,2024,8.4787,23
Comoros,2024,7.3459,19
Congo,2024,7.337,23
Costa Rica,2024,7.4018,23
Ivory Coast,2024,8.6166,23
Croatia,2024,8.5303,23
Cuba,2024,6.301,3
Curaçao,2024,7.5112,23
Cyprus,2024,7.2368,23
Czech Republic,2024,8.2041,23
DR Congo,2024,8.2183,23
Denmark,2024,8.6813,23
Dominican Republic,2024,7.3355,15
Ecuador,2024,8.3886,23
Egypt,2024,8.0966,23
El Salvador,2024,6.0212,6
England,2024,9.2246,23
Equatorial Guinea,2024,7.0139,15
Eritrea,2024,6.1303,2
Estonia,2024,6.8466,18
Faroe Islands,2024,6.3424,14
Finland,2024,7.6069,23
France,2024,9.1462,23
French Guiana,2024,6.3522,3
Gabon,2024,7.6464,23
Georgia,2024,8.1909,23
Germany,2024,8.9787,23
Ghana,2024,8.4188,23
Greece,2024,8.244,23
Grenada,2024,6.5826,4
Guadeloupe,2024,7.3309,20
Guatemala,2024,6.2041,2
Guinea,2024,7.9814,23
Guinea-Bissau,2024,7.7999,23
Guyana,2024,5.9542,4
Haiti,2024,7.5958,22
Honduras,2024,7.1695,18
Hungary,2024,8.1834,23
Iceland,2024,7.8785,23
Indonesia,2024,7.4987,22
Iran,2024,7.6994,23
Iraq,2024,6.9017,17
Ireland,2024,8.3204,23
Israel,2024,7.7566,23
Italy,2024,8.8955,23
Jamaica,2024,8.1005,23
Japan,2024,8.5534,23
Jordan,2024,6.8765,4
Kazakhstan,2024,7.1666,17
Kenya,2024,7.3617,9
South Korea,2024,8.2405,23
Kosovo,2024,7.9912,23
Kyrgyzstan,2024,6.0212,2
Laos,2024,5.4771,1
Latvia,2024,6.8794,10
Lebanon,2024,6.2956,4
Liberia,2024,6.4548,7
Libya,2024,7.2148,3
Liechtenstein,2024,5.7404,2
Lithuania,2024,6.9547,21
Luxembourg,2024,7.5478,23
Madagascar,2024,7.1746,12
Malawi,2024,5.4393,1
Malaysia,2024,6.5502,5
Mali,2024,8.3308,23
Malta,2024,6.9989,5
Martinique,2024,7.1804,19
Mauritania,2024,7.1383,17
Mauritius,2024,5.5441,1
Mexico,2024,8.2721,23
Moldova,2024,7.1422,23
Montenegro,2024,7.6085,23
Montserrat,2024,5.9294,3
Morocco,2024,8.6431,23
Mozambique,2024,7.3715,12
Netherlands,2024,8.9859,23
Neukaledonien,2024,5.3979,1
New Caledonia,2024,6.9085,1
New Zealand,2024,7.3263,23
Nicaragua,2024,5.3979,1
Niger,2024,6.4586,6
Nigeria,2024,8.6772,23
North Macedonia,2024,7.723,23
Northern Ireland,2024,7.7551,23
Norway,2024,8.7202,23
Pakistan,2024,5.1761,1
Palestine,2024,6.4548,4
Panama,2024,6.9554,13
Papua New Guinea,2024,5.6021,1
Paraguay,2024,8.1143,23
Peru,2024,7.525,23
Philippines,2024,6.6075,11
Poland,2024,8.4076,23
Portugal,2024,9.0363,23
Qatar,2024,7.0801,9
Romania,2024,7.9196,23
Russia,2024,8.3265,23
Rwanda,2024,6.2304,4
Saint-Martin,2024,5.699,1
San Marino,2024,5.1761,1
Sao Tome and Principe,2024,5.7597,4
Saudi Arabia,2024,6.8573,13
Scotland,2024,8.4744,23
Senegal,2024,8.5153,23
Serbia,2024,8.5239,23
Seychelles,2024,5.243,1
Sierra Leone,2024,6.9165,15
Sint Maarten,2024,5.6532,1
Slovakia,2024,8.2209,23
Slovenia,2024,8.1553,23
South Africa,2024,7.4452,23
Southern Sudan,2024,5.3979,1
Spain,2024,9.055,23
Saint Kitts and Nevis,2024,6.0792,3
St. Lucia,2024,5.6021,1
Suriname,2024,7.6955,23
Sweden,2024,8.566,23
Switzerland,2024,8.4736,23
Syria,2024,7.0512,8
Tajikistan,2024,6.301,4
Tanzania,2024,6.4914,3
Thailand,2024,6.3802,8
The Gambia,2024,7.7392,23
Togo,2024,7.5035,23
Trinidad and Tobago,2024,7.1599,7
Tunisia,2024,7.9053,23
Turkey,2024,7.1064,23
Türkiye,2024,8.5552,23
Uganda,2024,6.5966,12
Ukraine,2024,8.5588,23
United Arab Emirates,2024,5.699,3
United States,2024,8.5386,23
Uruguay,2024,8.6986,23
Uzbekistan,2024,7.407,21
Venezuela,2024,7.7356,23
Vietnam,2024,5.8129,2
Wales,2024,8.2585,23
Zambia,2024,7.5175,14
Zimbabwe,2024,7.5162,17
Albania,2025,8.0856,23
Algeria,2025,8.353,23
Andorra,2025,5.9542,1
Angola,2025,7.7619,23
Antigua and Barbuda,2025,5.5441,2
Argentina,2025,8.9652,23
Armenia,2025,7.6037,20
Australia,2025,7.5478,23
Austria,2025,8.4722,23
Azerbaijan,2025,6.5502,4
Bangladesh,2025,6.6628,1
Belarus,2025,7.0492,23
Belgium,2025,8.7959,23
Benin,2025,6.7853,2
Bolivia,2025,6.3324,4
Bonaire,2025,5.8751,3
Bosnia and Herzegovina,2025,8.0314,23
Brazil,2025,9.0945,23
Bulgaria,2025,7.4669,22
Burkina Faso,2025,8.0494,17
Burundi,2025,7.0934,4
Cameroon,2025,8.367,23
Canada,2025,8.2283,23
Cape Verde,2025,7.6503,23
Central African Republic,2025,7.0969,6
Chad,2025,6.2041,1
Chile,2025,7.6719,19
China,2025,5.0414,1
Colombia,2025,8.5186,23
Comoros,2025,7.1173,11
Congo,2025,7.184,16
Costa Rica,2025,7.4928,17
Ivory Coast,2025,8.6102,23
Croatia,2025,8.5127,23
Cuba,2025,5.8451,1
Curaçao,2025,7.3692,23
Cyprus,2025,7.0969,13
Czech Republic,2025,8.2294,23
DR Congo,2025,8.2217,23
Denmark,2025,8.7034,23
Dominican Republic,2025,7.0934,10
Ecuador,2025,8.4378,23
Egypt,2025,8.1667,12
El Salvador,2025,5.301,1
England,2025,9.2292,23
Equatorial Guinea,2025,7.1492,8
Estonia,2025,6.6128,9
Faroe Islands,2025,5.8293,4
Finland,2025,7.437,23
France,2025,9.1726,23
French Guiana,2025,6.3802,2
Gabon,2025,7.3329,11
Georgia,2025,8.2049,23
Germany,2025,8.9886,23
Ghana,2025,8.445,23
Greece,2025,8.3381,23
Grenada,2025,6.5472,3
Guadeloupe,2025,7.0654,9
Guinea,2025,7.9664,23
Guinea-Bissau,2025,7.7686,23
Guyana,2025,5.7404,2
Haiti,2025,7.6767,14
Honduras,2025,6.8751,5
Hungary,2025,8.2407,18
Iceland,2025,8.0105,23
Indonesia,2025,7.4417,16
Iran,2025,7.5781,19
Iraq,2025,6.8976,5
Ireland,2025,8.2969,23
Israel,2025,7.6906,23
Italy,2025,8.9538,23
Jamaica,2025,7.8939,21
Japan,2025,8.5303,23
Jordan,2025,6.8028,2
Kazakhstan,2025,6.9217,5
Kenya,2025,7.0663,5
South Korea,2025,8.1253,16
Kosovo,2025,7.932,23
Kyrgyzstan,2025,6.0,2
Latvia,2025,5.8751,2
Lebanon,2025,5.9031,1
Liberia,2025,6.2041,3
Libya,2025,7.0043,1
Lithuania,2025,7.0676,16
Luxembourg,2025,7.4518,12
Madagascar,2025,6.8921,4
Malawi,2025,5.4393,1
Malaysia,2025,6.3424,1
Mali,2025,8.2521,23
Malta,2025,6.8794,5
Martinique,2025,6.7482,4
Mauritania,2025,6.6628,1
Mauritius,2025,5.3979,1
Mexico,2025,8.2034,23
Moldova,2025,6.9626,11
Montenegro,2025,7.5119,22
Morocco,2025,8.6831,23
Mozambique,2025,7.4166,5
Netherlands,2025,9.0035,23
New Caledonia,2025,6.7853,1
New Zealand,2025,7.3507,14
Niger,2025,6.6154,5
Nigeria,2025,8.6629,23
North Macedonia,2025,7.6186,23
Northern Ireland,2025,7.8189,23
Norway,2025,8.7297,23
Palestine,2025,6.1139,1
Panama,2025,7.1673,5
Paraguay,2025,8.0469,19
Peru,2025,7.2041,9
Philippines,2025,5.9294,2
Poland,2025,8.3849,23
Portugal,2025,9.0112,23
Romania,2025,7.8707,23
Russia,2025,8.3475,23
Rwanda,2025,6.4232,3
Saint-Martin,2025,5.6532,1
Sao Tome and Principe,2025,5.6021,1
Saudi Arabia,2025,6.7284,3
Scotland,2025,8.4181,23
Senegal,2025,8.4915,23
Serbia,2025,8.4787,23
Sierra Leone,2025,6.4698,5
Slovakia,2025,8.1252,23
Slovenia,2025,8.1329,23
South Africa,2025,7.308,13
Spain,2025,9.0846,23
Saint Kitts and Nevis,2025,5.1761,1
Suriname,2025,7.4306,18
Sweden,2025,8.7353,23
Switzerland,2025,8.4773,23
Syria,2025,6.8949,4
Tajikistan,2025,5.4771,1
Tanzania,2025,6.5119,3
Thailand,2025,6.1139,2
The Gambia,2025,7.6904,23
Togo,2025,7.4419,11
Trinidad and Tobago,2025,7.1987,4
Tunisia,2025,7.8131,23
Turkey,2025,5.6284,2
Türkiye,2025,8.5873,23
Uganda,2025,6.3375,7
Ukraine,2025,8.5934,23
United Arab Emirates,2025,5.5441,2
United States,2025,8.5861,23
Uruguay,2025,8.7202,23
Uzbekistan,2025,7.7747,19
Venezuela,2025,7.7336,23
Vietnam,2025,5.6021,1
Wales,2025,8.1982,23
Zambia,2025,7.0253,5
Zimbabwe,2025,7.4709,9
Albania,2026,7.8621,23
Algeria,2026,8.3126,23
Angola,2026,7.5524,18
Argentina,2026,8.93,23
Armenia,2026,7.4949,6
Australia,2026,7.5072,23
Austria,2026,8.3381,23
Azerbaijan,2026,5.6532,1
Bangladesh,2026,6.7076,1
Belarus,2026,6.679,10
Belgium,2026,8.7284,23
Benin,2026,6.2788,1
Bolivia,2026,6.3617,3
Bonaire,2026,5.7782,3
Bosnia and Herzegovina,2026,7.8451,23
Brazil,2026,8.9514,23
Bulgaria,2026,7.0453,11
Burkina Faso,2026,7.9791,10
Burundi,2026,6.9112,2
Cameroon,2026,8.2375,23
Canada,2026,8.1561,16
Cape Verde,2026,7.6937,22
Central African Republic,2026,6.965,5
Chile,2026,7.5952,12
Colombia,2026,8.436,23
Comoros,2026,6.9469,4
Congo,2026,6.4472,4
Costa Rica,2026,7.4654,14
Ivory Coast,2026,8.6336,23
Croatia,2026,8.5087,23
Cuba,2026,5.8451,1
Curaçao,2026,7.0414,13
Cyprus,2026,6.6435,5
Czech Republic,2026,8.1488,23
DR Congo,2026,7.9919,23
Denmark,2026,8.6097,23
Dominican Republic,2026,7.0065,5
Ecuador,2026,8.4771,19
Egypt,2026,8.0308,9
England,2026,9.189,23
Equatorial Guinea,2026,6.4472,4
Estonia,2026,6.4914,1
Finland,2026,7.3064,14
France,2026,9.1262,23
French Guiana,2026,6.0,1
Gabon,2026,6.8907,3
Georgia,2026,8.2124,20
Germany,2026,9.0339,23
Ghana,2026,8.3818,23
Greece,2026,8.3694,23
Guadeloupe,2026,6.6101,5
Guinea,2026,7.891,21
Guinea-Bissau,2026,7.7714,13
Guyana,2026,5.7782,2
Haiti,2026,7.3988,5
Honduras,2026,6.5682,2
Hungary,2026,8.2139,17
Iceland,2026,7.7352,19
Indonesia,2026,7.3233,10
Iran,2026,6.9989,7
Iraq,2026,6.7559,3
Ireland,2026,8.1754,23
Israel,2026,7.4378,17
Italy,2026,8.933,23
Jamaica,2026,7.6712,10
Japan,2026,8.4603,23
Jordan,2026,6.8028,2
Kazakhstan,2026,6.7745,4
Kenya,2026,6.4314,3
South Korea,2026,7.9703,11
Kosovo,2026,7.8136,19
Kyrgyzstan,2026,5.6021,1
Latvia,2026,5.6284,2
Lebanon,2026,5.7404,1
Liberia,2026,5.574,1
Libya,2026,6.8513,1
Lithuania,2026,6.8921,3
Luxembourg,2026,7.3711,7
Madagascar,2026,5.9777,2
Malaysia,2026,6.1139,1
Mali,2026,7.9157,23
Malta,2026,6.415,1
Martinique,2026,6.5315,3
Mauritania,2026,6.7482,2
Mauritius,2026,5.3979,1
Mexico,2026,7.8814,14
Moldova,2026,6.8062,8
Montenegro,2026,7.2298,11
Morocco,2026,8.6321,23
Mozambique,2026,7.3139,3
Netherlands,2026,8.9254,23
New Caledonia,2026,6.7076,1
New Zealand,2026,7.273,8
Niger,2026,6.3802,2
Nigeria,2026,8.5361,23
North Macedonia,2026,7.1367,13
Northern Ireland,2026,7.7636,20
Norway,2026,8.7327,23
Palestine,2026,6.1139,1
Panama,2026,7.1523,4
Paraguay,2026,7.9462,11
Peru,2026,7.0492,7
Philippines,2026,5.9031,1
Poland,2026,8.2824,23
Portugal,2026,9.0133,23
Romania,2026,7.6442,18
Russia,2026,8.298,23
Rwanda,2026,5.9777,1
Saint-Martin,2026,5.6021,1
Sao Tome and Principe,2026,5.243,1
Saudi Arabia,2026,6.618,3
Scotland,2026,8.2735,23
Senegal,2026,8.5303,23
Serbia,2026,8.4249,23
Sierra Leone,2026,5.5119,1
Slovakia,2026,7.9982,19
Slovenia,2026,7.8603,23
South Africa,2026,6.5563,4
Spain,2026,8.9586,23
Suriname,2026,7.1319,11
Sweden,2026,8.7506,23
Switzerland,2026,8.4901,23
Syria,2026,6.7076,2
Tajikistan,2026,5.301,1
Tanzania,2026,6.4548,2
The Gambia,2026,7.6925,14
Togo,2026,7.3183,6
Trinidad and Tobago,2026,7.0128,2
Tunisia,2026,7.4265,11
Türkiye,2026,8.5558,23
Uganda,2026,5.6284,2
Ukraine,2026,8.5206,23
United States,2026,8.5654,23
Uruguay,2026,8.4984,23
Uzbekistan,2026,7.7126,7
Venezuela,2026,7.526,22
Wales,2026,7.7969,23
Zambia,2026,6.7745,3
Zimbabwe,2026,6.9823,5
